,0,1,2,3,4,5,6,7,8,9,10,11,12,13,14,15,16,17,18,19,20,21,22,23,24,25,LineItem?
0,HS Hdg,HS Code,,Description,Unit,ICL/ SLSI,Preferential Duty,,,,,,,,,,Gen Duty,VAT,PAL,,Cess,,Excise (S.P.D),Surcharge on Customs Duty,SSCL,L C S,empty
1,,,,,,,AP,AD,BN,GT,IN,PK,SA,SF,SD,SG,,,Gen,SG,GEN,SG,,,,,empty
2,,,,,,,,,,,,,,,,,,,,,,,,,,,empty
3,85.01,,,Electric motors and generators (excluding generating sets).,,,,,,,,,,,,,,,,,,,,,,,just HS heading
4,,,,,,,,,,,,,,,,,,,,,,,,,,,empty
5,,8501.10,-,Motors of an output not exceeding 37.5 W :,,,,,,,,,,,,,,,,,,,,,,,prefix
6,,8501.10.10,---,DC Motors,u,,,,,,Free,Free,,Free,Free,Free,Free,18%,5%,6%,,,,,2.5%,,line item
7,,8501.10.90,---,Other,u,,,,,,Free,Free,,5%,5%,Free,Free,18%,5%,2%,,,,,2.5%,,line item
8,,8501.20,-,Universal AC/DC motors of an output exceeding 37.5 W,u,,,,,,Free,Free,,Free,Free,Free,Free,18%,5%,2%,,,,,2.5%,,line item
9,,,-,"Other DC motors; DC generators, other than photovoltaic generators :",,,,,,,,,,,,,,,,,,,,,,,prefix
10,,8501.31,--,Of an output not exceeding 750 W :,u,,Free,,,,Free,Free,,Free,Free,Free,Free,18%,Ex,,,,,,2.5%,,line item
11,,8501.32,--,Of an output exceeding 750 W but not exceeding 75 kW,u,,,,,,Free,Free,,Free,Free,Free,Free,18%,5%,6%,,,,,2.5%,,line item
12,,8501.33,--,Of an output exceeding 75 kW but not exceeding 375 kW,u,,,,,,Free,Free,,Free,Free,Free,Free,18%,5%,6%,,,,,2.5%,,line item
13,,8501.34,--,Of an output exceeding 375 kW,u,,,,,,Free,Free,,Free,Free,Free,Free,18%,5%,6%,,,,,2.5%,,line item
14,,8501.40,-,"Other AC motors, single-phase :",,,,,,,,,,,,,,,,,,,,,,,prefix
15,,8501.40.10,---,Induction motors 200/250 V exceeding 0.185 kW,u,,,,,,Free,Free,,5%,5%,,20%,18%,5%,6%,,,,,2.5%,,line item
16,,8501.40.20,---,Motors for fans of heading 8414.51,u,,18% or Rs.227/= per u,,,,Free,Free,,5% or Rs.110/= per u,5% or Rs.100/= per u,,20% or Rs.440/= per u,18%,5%,6%,10% or Rs.220/= per u,Free,,,2.5%,,line item
17,,8501.40.90,---,Other,u,,Free,,,,Free,Free,,Free,Free,Free,Free,18%,5%,6%,,,,,2.5%,,line item
18,,,-,"Other AC motors, multi-phase :",,,,,,,,,,,,,,,,,,,,,,,prefix
19,,8501.51,--,Of an output not exceeding 750 W :,,,,,,,,,,,,,,,,,,,,,,,prefix
20,,8501.51.10,---,Induction motors 350/450 V 3 phase exceeding 0.185 kW and exceeding 750 RPM,u,,,,,,Free,Free,,5%,5%,,20%,18%,5%,6%,,,,,2.5%,,line item
21,HS Hdg,HS Code,,Description,Unit,ICL/ SLSI,Preferential Duty,,,,,,,,,,Gen Duty,VAT,PAL,,Cess,,Excise (S.P.D),Surcharge on Customs Duty,SSCL,L C S,empty
22,,,,,,,AP,AD,BN,GT,IN,PK,SA,SF,SD,SG,,,Gen,SG,GEN,SG,,,,,empty
23,,,,,,,,,,,,,,,,,,,,,,,,,,,empty
24,,8501.51.90,---,Other,u,,,,,,Free,Free,,Free,Free,Free,Free,18%,5%,6%,,,,,2.5%,,line item
25,,8501.52,--,Of an output exceeding 750 W but not exceeding 75 kW :,,,,,,,,,,,,,,18%,,,,,,,,,line item
26,,8501.52.10,---,Induction motors 350/450 V 3 phase exceeding 750 W but not exceeding 25 kW and exceeding 750 RPM,u,,,,,,,,,,,,20%,18%,5%,6%,,,,,2.5%,,line item
27,,8501.52.90,---,Other,u,,,,,,,,,,,Free,Free,18%,5%,6%,,,,,2.5%,,line item
28,,8501.53,--,Of an output exceeding 75 kW,u,,,,,,Free,Free,,Free,Free,Free,Free,18%,5%,6%,,,,,2.5%,,line item
29,,,-,"AC generators (alternators), other than photovoltaic generators :",,,,,,,,,,,,,,,,,,,,,,,prefix
30,,8501.61,--,Of an output not exceeding 75 kVA :,u,,,,,,Free,Free,,Free,Free,Free,Free,18%,Ex,,,,,,2.5%,,line item
31,,8501.62,--,Of an output exceeding 75 kVA but not exceeding 375 kVA,u,,,,,,Free,Free,,Free,Free,Free,Free,18%,Ex,,,,,,2.5%,,line item
32,,8501.63,--,Of an output exceeding 375 kVA but not exceeding 750 kVA,u,,,,,,Free,Free,,Free,Free,Free,Free,18%,Ex,,,,,,2.5%,,line item
33,,8501.64,--,Of an output exceeding 750 kVA,u,,,,,,Free,Free,,Free,Free,Free,Free,18%,Ex,,,,,,2.5%,,line item
34,,,-,Photovoltaic DC generators :,,,,,,,,,,,,,,,,,,,,,,,prefix
35,,8501.71,--,Of an output not exceeding 50 W:,u,,,,,,,,,,,,,,,,,,,,,,line item
36,,8501.71.10,---,Solar cells assembled into modules or made up into panels and equipped with elements mounted to facilitate output,u,,Free,,,,Free,Free,,Free,Free,Free,Free,18%,Ex,,,,,,Ex,,line item
37,,8501.71.90,---,Other,u,,,,,,Free,Free,,Free,Free,Free,Free,18%,Ex,,,,,,2.5%,,line item
38,,8501.72,-,Of an output exceeding 50 W:,,,,,,,,,,,,,,,,,,,,,,,prefix
39,,8501.72.10,---,Solar cells assembled into modules or made up into panels and equipped with elements mounted to facilitate output,u,,Free,,,,Free,Free,,Free,Free,Free,Free,18%,Ex,,,,,,Ex,,line item
40,,8501.72.90,---,Other,u,,,,,,Free,Free,,Free,Free,Free,Free,18%,Ex,,,,,,2.5%,,line item
41,,8501.80,-,Photovoltaic AC generators:,,,,,,,,,,,,,,,,,,,,,,,prefix
42,,8501.80.10,---,Solar cells assembled into modules or made up into panels and equipped with elements mounted to facilitate output,u,,,,,,Free,Free,,Free,Free,Free,Free,18%,Ex,,,,,,Ex,,line item
43,,8501.80.90,---,Other,u,,,,,,Free,Free,,Free,Free,Free,Free,18%,Ex,,,,,,2.5%,,line item
44,,,,,,,,,,,,,,,,,,,,,,,,,,,empty
45,85.02,,,Electric generating sets and rotary converters.,,,,,,,,,,,,,,,,,,,,,,,just HS heading
46,,,,,,,,,,,,,,,,,,,,,,,,,,,empty
47,,,-,Generating sets with compression-ignition internal combustion piston engines (diesel or semi-diesel engines) :,,,,,,,,,,,,,,,,,,,,,,,prefix
48,,8502.11,--,Of an output not exceeding 75 kVA,u,,Free,,,,Free,Free,,Free,Free,Free,Free,18%,10%,6%,,,,,2.5%,,line item
49,,8502.12,--,Of an output exceeding 75 kVA but not exceeding 375 kVA,u,,Free,,,,Free,Free,,Free,Free,Free,Free,18%,10%,6%,,,,,2.5%,,line item
50,,8502.13,--,Of an output exceeding 375 kVA,u,,,,,,Free,Free,,Free,Free,Free,Free,18%,10%,6%,,,,,2.5%,,line item
51,,8502.20,-,Generating sets with spark-ignition internal combustion piston engines,u,,,,,,Free,Free,,Free,Free,Free,Free,18%,5%,6%,,,,,2.5%,,line item
52,,,-,Other generating sets :,,,,,,,,,,,,,,,,,,,,,,,prefix
53,,8502.31,--,Wind-powered,u,,,,,,Free,Free,,Free,Free,Free,Free,18%,5%,6%,,,,,2.5%,,line item
54,,8502.39,--,Other,u,,,,,,Free,Free,,Free,Free,Free,Free,18%,5%,6%,,,,,2.5%,,line item
55,,8502.40,-,Electric rotary converters,u,,,,,,Free,Free,,Free,Free,Free,Free,18%,Ex,,,,,,2.5%,,line item
56,,,,,,,,,,,,,,,,,,,,,,,,,,,empty
57,85.03,8503.00,,Parts suitable for use solely or principally with the machines of heading 85.01 or 85.02.,,,,,,,,,,,,,,,,,,,,,,,just HS heading
58,,,,,,,,,,,,,,,,,,,,,,,,,,,empty
59,,8503.00.10,---,Wound stators for electric motors of single phase,kg,,,,,,Free,Free,,5%,5%,20.0%,20%,18%,5%,6%,,,,,2.5%,,line item
60,,8503.00.20,---,Parts suitable for use solely or principally with electric generators,kg,,,,,,Free,Free,,Free,Free,Free,Free,18%,5%,6%,,,,,2.5%,,line item
61,,8503.00.90,---,Other,kg,,,,,,Free,Free,,Free,Free,Free,Free,18%,5%,6%,,,,,2.5%,,line item
62,HS Hdg,HS Code,,Description,Unit,ICL/ SLSI,Preferential Duty,,,,,,,,,,Gen Duty,VAT,PAL,,Cess,,Excise (S.P.D),Surcharge on Customs Duty,SSCL,L C S,empty
63,,,,,,,AP,AD,BN,GT,IN,PK,SA,SF,SD,SG,,,Gen,SG,GEN,SG,,,,,empty
64,,,,,,,,,,,,,,,,,,,,,,,,,,,empty
65,,,,,,,,,,,,,,,,,,,,,,,,,,,empty
66,85.04,,,"Electrical transformers, static converters (for example, rectifiers) and inductors.",,,,,,,,,,,,,,,,,,,,,,,just HS heading
67,,,,,,,,,,,,,,,,,,,,,,,,,,,empty
68,,8504.10,-,Ballasts for discharge lamps or tubes :,,,,,,,,,,,,,,,,,,,,,,,prefix
69,,8504.10.10,---,"Contaminated with or containing Polychlorinated biphenyls (PCB), including Ballasts for Tubular Fluorescent Lamps",u,,Free,,,,Free,Free,,4%,1.5%,,Free,18%,5%,6%,8%,6%,,,2.5%,,line item
70,,,,Ballasts for Tubular Fluorescent Lamps,,S,,,,,,,,,,,,,,,,,,,,,hscode error
71,,8504.10.90,---,"Other, including Ballasts for Tubular Fluorescent Lamps",u,,Free,,,,Free,Free,,4%,1.5%,,Free,18%,5%,6%,8%,,,,2.5%,,line item
72,,,,Ballasts for Tubular Fluorescent Lamps,,S,,,,,,,,,,,,,,,,,,,,,hscode error
73,,,-,Liquid dielectric transformers :,,,,,,,,,,,,,,,,,,,,,,,prefix
74,,8504.21,--,Having a power handling capacity not exceeding 650 kVA :,,,,,,,,,,,,,,,,,,,,,,,prefix
75,,8504.21.10,---,Contaminated with or containing Polychlorinated biphenyls (PCB),u,,,,,,,,,,,,15%,18%,5%,6%,,,,,2.5%,,line item
76,,8504.21.90,---,Other,u,,,,,,,,,,,,15%,18%,5%,6%,,,,,2.5%,,line item
77,,8504.22,--,"Having a power handling capacity exceeding 650 kVA but not exceeding 10,000 kVA :",,,,,,,,,,,,,,,,,,,,,,,prefix
78,,8504.22.10,---,"Contaminated with or containing Polychlorinated biphenyls (PCB), not exceeding 5000 kVA",u,,,,,,Free,Free,,6%,4.5%,10.0%,15%,18%,5%,6%,,,,,2.5%,,line item
79,,8504.22.20,---,"Other, not exceeding 5000 kVA",u,,,,,,Free,Free,,6%,4.5%,10.0%,15%,18%,5%,6%,,,,,2.5%,,line item
80,,8504.22.30,---,"Other, contaminated with or containing Polychlorinated biphenyls (PCB)",u,,,,,,Free,Free,,4%,1.5%,Free,Free,18%,5%,6%,8%,6%,,,2.5%,,line item
81,,8504.22.90,---,Other,u,,,,,,Free,Free,,4%,1.5%,Free,Free,18%,10%,6%,8%,6%,,,2.5%,,line item
82,,8504.23,--,"Having a power handling capacity exceeding 10,000 kVA :",,,,,,,,,,,,,,,,,,,,,,,prefix
83,,8504.23.10,---,Contaminated with or containing Polychlorinated biphenyls (PCB),u,,,,,,Free,Free,,4%,1.5%,Free,Free,18%,Ex,,8%,6%,,,2.5%,,line item
84,,8504.23.90,---,Other,u,,,,,,Free,Free,,4%,1.5%,Free,Free,18%,5%,6%,8%,6%,,,2.5%,,line item
85,,,-,Other transformers :,,,,,,,,,,,,,,,,,,,,,,,prefix
86,,8504.31,--,Having a power handling capacity not exceeding 1 kVA :,,,,,,,,,,,,,,,,,,,,,,,prefix
87,,8504.31.10,---,Contaminated with or containing Polychlorinated biphenyls (PCB),u,,,,,,,,,,,,15%,18%,5%,6%,,,,,2.5%,,line item
88,,8504.31.90,---,Other,u,,,,,,,,,,,,15%,18%,5%,6%,,,,,2.5%,,line item
89,,8504.32,--,Having a power handling capacity exceeding 1 kVA but not exceeding 16 kVA :,,,,,,,,,,,,,,,,,,,,,,,prefix
90,,8504.32.10,---,Contaminated with or containing Polychlorinated biphenyls (PCB),u,,,,,,Free,Free,,5%,4.5%,10.0%,15%,18%,5%,6%,,,,,2.5%,,line item
91,,8504.32.90,---,Other,u,,,,,,Free,Free,,5%,4.5%,10.0%,15%,18%,5%,6%,,,,,2.5%,,line item
92,HS Hdg,HS Code,,Description,Unit,ICL/ SLSI,Preferential Duty,,,,,,,,,,Gen Duty,VAT,PAL,,Cess,,Excise (S.P.D),Surcharge on Customs Duty,SSCL,L C S,empty
93,,,,,,,AP,AD,BN,GT,IN,PK,SA,SF,SD,SG,,,Gen,SG,GEN,SG,,,,,empty
94,,,,,,,,,,,,,,,,,,,,,,,,,,,empty
95,,8504.33,--,Having a power handling capacity exceeding 16 kVA but not exceeding 500 kVA :,,,,,,,,,,,,,,,,,,,,,,,prefix
96,,8504.33.10,---,Contaminated with or containing Polychlorinated biphenyls (PCB),u,,,,,,,,,5%,4.5%,,15%,18%,5%,6%,Rs.5/= per kg,,,,2.5%,,line item
97,,8504.33.90,---,Other,u,,,,,,,,,5%,4.5%,,15%,18%,5%,6%,,,,,2.5%,,line item
98,,8504.34,--,Having a power handling capacity exceeding 500 kVA :,,,,,,,,,,,,,,,,,,,,,,,prefix
99,,8504.34.10,---,Contaminated with or containing Polychlorinated biphenyls (PCB),u,,13.5%,,,,Free,Free,,5%,4.5%,10.0%,15%,18%,5%,6%,,,,,2.5%,,line item
100,,8504.34.90,---,Other,u,,13.5%,,,,Free,Free,,5%,4.5%,10.0%,15%,18%,5%,6%,,,,,2.5%,,line item
101,,8504.40,-,Static converters :,,,,,,,,,,,,,,,,,,,,,,,prefix
102,,8504.40.10,---,"Uninterruptible power supplies, contaminated with or containing Polychlorinated biphenyls (PCB)",u,,,,,,Free,Free,,Free,Free,Free,Free,18%,5%,6%,,,,,2.5%,,line item
103,,8504.40.20,---,"Other, uninterruptible power supplies",u,,,,,,Free,Free,,Free,Free,Free,Free,18%,10%,6%,,,,,2.5%,,line item
104,,8504.40.30,---,"Other, contaminated with or containing Polychlorinated biphenyls (PCB)",u,,,,,,Free,Free,,Free,Free,Free,Free,18%,5%,6%,,,,,2.5%,,line item
105,,8504.40.90,---,Other,u,,,,,,Free,Free,,Free,Free,Free,Free,18%,Ex,,,,,,2.5%,,line item
106,,8504.50,-,Other inductors :,,,,,,,,,,,,,,,,,,,,,,,prefix
107,,8504.50.10,---,Contaminated with or containing Polychlorinated biphenyls (PCB),u,,,,,,Free,Free,,4%,1.5%,Free,Free,18%,5%,6%,8%,6%,,,2.5%,,line item
108,,8504.50.90,---,Other,u,,,,,,Free,Free,,4%,1.5%,Free,Free,18%,5%,6%,8%,6%,,,2.5%,,line item
109,,8504.90,-,Parts :,,,,,,,,,,,,,,,,,,,,,,,prefix
110,,8504.90.10,---,Contaminated with or containing Polychlorinated biphenyls (PCB),kg,,,,,,Free,Free,,4%,1.5%,Free,Free,18%,5%,6%,8%,6%,,,2.5%,,line item
111,,8504.90.90,---,Other,kg,,,,,,Free,Free,,4%,1.5%,Free,Free,18%,5%,6%,8%,6%,,,2.5%,,line item
112,,,,,,,,,,,,,,,,,,,,,,,,,,,empty
113,85.05,,,"Electro-magnets; permanent magnets and articles intended to become permanent magnets after magnetization; electro-magnetic or permanent magnet chucks, clamps and similar holding devices; electro- magnetic couplings, clutches and brakes; electro-magnetic lifting heads.",,,,,,,,,,,,,,,,,,,,,,,just HS heading
114,,,,,,,,,,,,,,,,,,,,,,,,,,,empty
115,,,-,Permanent magnets and articles intended to become permanent magnets after magnetization :,,,,,,,,,,,,,,,,,,,,,,,prefix
116,,8505.11,--,Of metal,kg,,,,,,Free,Free,,Free,Free,Free,Free,18%,5%,6%,,,,,2.5%,,line item
117,,8505.19,--,Other,kg,,,,,,Free,Free,,Free,Free,Free,Free,18%,5%,6%,,,,,2.5%,,line item
118,,8505.20,-,"Electro-magnetic couplings, clutches and brakes",kg,,,,,,Free,Free,,Free,Free,Free,Free,18%,5%,6%,,,,,2.5%,,line item
119,,8505.90,-,"Other, including parts",kg,,,,,,Free,Free,,Free,Free,Free,Free,18%,5%,6%,,,,,2.5%,,line item
120,,,,,,,,,,,,,,,,,,,,,,,,,,,empty
121,85.06,,,Primary cells and primary batteries(+).,,,,,,,,,,,,,,,,,,,,,,,just HS heading
122,,,,,,,,,,,,,,,,,,,,,,,,,,,empty
123,,8506.10,-,Manganese dioxide :,,,,,,,,,,,,,,,,,,,,,,,prefix
124,,8506.10.10,---,"Size ""D""",u,S,18.0%,,,,,,,,,20.0%,20%,18%,5%,6%,10%,Free,,,2.5%,,line item
125,,8506.10.90,---,Other,u,S,18.0%,,,,,,,,,10.0%,20%,18%,5%,6%,,,,,2.5%,,line item
126,,8506.30,-,Mercuric oxide,u,,,,,,Free,Free,,5%,4.5%,10.0%,15%,18%,Ex,,,,,,2.5%,,line item
127,,8506.40,-,Silver oxide,u,,,,,,Free,Free,,5%,4.5%,10.0%,15%,18%,Ex,,,,,,2.5%,,line item
128,,8506.50,-,Lithium,u,,,,,,Free,Free,,5%,4.5%,10.0%,15%,18%,5%,6%,,,,,2.5%,,line item
129,,8506.60,-,Air-zinc,u,,,,,,Free,Free,,5%,4.5%,10.0%,15%,18%,Ex,,,,,,2.5%,,line item
130,,8506.80,-,Other primary cells and primary batteries,u,S,,,,,Free,Free,,5%,4.5%,10.0%,15%,18%,5%,6%,,,,,2.5%,,line item
131,,8506.90,-,Parts,kg,,,Free,,,Free,Free,,Free,Free,Free,Free,18%,5%,6%,,,,,2.5%,,line item
132,,,,,,,,,,,,,,,,,,,,,,,,,,,empty
133,85.07,,,"Electric accumulators, including separators therefor, whether or not rectangular (including square).",,,,,,,,,,,,,,,,,,,,,,,just HS heading
134,,,,,,,,,,,,,,,,,,,,,,,,,,,empty
135,,8507.10,-,"Lead-acid, of a kind used for starting piston engines:",,,,,,,,,,,,,,,,,,,,,,,prefix
136,,,,Sealed type accumulators filled with acid solution and ready for use,u,,,,,,,,,,,,,,,,,,,,2.5%,,hscode error
137,HS Hdg,HS Code 8507.10.10,---,Description,Unit,ICL/ SLSI,Preferential Duty,,,,,,,,,,Gen Duty,VAT,PAL,,Cess,,Excise (S.P.D),Surcharge on Customs Duty,SSCL,L C S,empty
138,,,,,,,AP,AD,BN,GT,IN,PK,SA,SF,SD,SG,,,Gen,SG,GEN,SG,,,,,empty
139,,,,,,,,,,,,,,,,,20% or,,,,10% or,,,,,,empty
140,,,,Lead- Acid Starter Batteries,u,S,,,,,,,,,,,Rs.270/= per kg,18%,10%,,Rs.130/= per kg,,,,2.5%,,hscode error
141,,8507.10.90,---,Other,u,,,,,,,,,,,,20% or Rs.270/= per kg,18%,5%,,10% or Rs.130/= per kg,,,,2.5%,,line item
142,,,,Lead- Acid Starter Batteries,u,S,,,,,,,,,,,,,,,,,,,2.5%,,hscode error
143,,8507.20,-,Other lead-acid accumulators,,,,,,,,,,,,,,,,,,,,,,,prefix
144,,8507.20.10,---,For electric vehicles,u,,Free,,,,Free,Free,,5%,4.5%,10.0%,Free,18%,5%,6%,,,,,2.5%,,line item
145,,8507.20.90,---,Other,u,,13.5%,,,,Free,Free,,5%,4.5%,10.0%,15%,18%,5%,6%,,,,,2.5%,,line item
146,,8507.30,-,Nickel-cadmium,u,,,,,,,,,,,,,,,,,,,,2.5%,,line item
147,,8507.30.10,---,For electric vehicles,u,,,,,,Free,Free,,Free,Free,Free,Free,18%,5%,6%,,,,,2.5%,,line item
148,,8507.30.90,---,Other,u,,,,,,Free,Free,,Free,Free,Free,Free,18%,5%,6%,,,,,2.5%,,line item
149,,8507.50,-,Nickel-metal hydride,u,,,,,,,,,,,,,,,,,,,,2.5%,,line item
150,,8507.50.10,---,For electric vehicles,u,,,,,,Free,Free,,5%,4.5%,10.0%,Free,18%,5%,6%,,,,,2.5%,,line item
151,,8507.50.90,---,Other,u,,,,,,Free,Free,,5%,4.5%,10.0%,15%,18%,5%,6%,,,,,2.5%,,line item
152,,8507.60,-,Lithium-ion,u,,,,,,,,,,,,,,,,,,,,2.5%,,line item
153,,8507.60.10,---,For electric vehicles,u,,,,,,Free,Free,,5%,4.5%,10.0%,Free,18%,5%,6%,,,,,2.5%,,line item
154,,8507.60.90,---,Other,u,,,,,,Free,Free,,5%,4.5%,10.0%,15%,18%,5%,6%,,,,,2.5%,,line item
155,,8507.80,-,Other accumulators,u,,,,,,,,,,,,,,,,,,,,2.5%,,line item
156,,8507.80.10,---,For electric vehicles,u,,,,,,Free,Free,,5%,4.5%,10.0%,Free,18%,5%,6%,,,,,2.5%,,line item
157,,8507.80.90,---,Other,u,,,,,,Free,Free,,5%,4.5%,10.0%,15%,18%,5%,6%,,,,,2.5%,,line item
158,,8507.90,-,Parts,kg,,,13.5%,,,Free,Free,,5%,4.5%,10.0%,15%,18%,5%,6%,0%,,,,2.5%,,line item
159,,,,,,,,,,,,,,,,,,,,,,,,,,,empty
160,HS Hdg,HS Code,,Description,Unit,ICL/ SLSI,Preferential Duty,,,,,,,,,,Gen Duty,VAT,PAL,,Cess,,Excise (S.P.D),Surcharge on Customs Duty,SSCL,L C S,empty
161,,,,,,,AP,AD,BN,GT,IN,PK,SA,SF,SD,SG,,,Gen,SG,GEN,SG,,,,,empty
162,,,,,,,,,,,,,,,,,,,,,,,,,,,empty
163,85.08,,,Vacuum cleaners.,,,,,,,,,,,,,,,,,,,,,,,just HS heading
164,,,,,,,,,,,,,,,,,,,,,,,,,,,empty
165,,,-,With self-contained electric motor :,,,,,,,,,,,,,,,,,,,,,,,prefix
166,,8508.11,--,"Of a power not exceeding 1,500 W and having a dust bag or other receptacle capacity not exceeding 20 l",u,,,,,,Free,Free,,Free,Free,Free,20%,18%,5%,2%,,,,,2.5%,,line item
167,,8508.19,--,Other,u,,Free,,,,Free,Free,,Free,Free,Free,Free,18%,10%,6%,,,,,2.5%,,line item
168,,8508.60,-,Other vacuum cleaners,u,,Free,,,,Free,Free,,Free,Free,Free,Free,18%,5%,2%,,,,,2.5%,,line item
169,,8508.70,-,Parts,kg,,,,,,Free,Free,,Free,Free,Free,Free,18%,10%,6%,,,,,2.5%,,line item
170,,,,,,,,,,,,,,,,,,,,,,,,,,,empty
171,85.09,,,"Electro-mechanical domestic appliances, with self-contained electric motor, other than vacuum cleaners of heading 85.08.",,,,,,,,,,,,,,,,,,,,,,,just HS heading
172,,,,,,,,,,,,,,,,,,,,,,,,,,,empty
173,,8509.40,-,Food grinders and mixers; fruit or vegetable juice extractors,u,,15.00%,,,,Free,Free,,Free,Free,,20%,18%,5%,2%,Rs.180/= per unit,Rs.200/= per unit,,,2.5%,,line item
174,,8509.80,-,Other appliances :,u,,,,,,Free,Free,,Free,Free,Free,Free,18%,10%,6%,,,,,2.5%,,line item
175,,8509.90,-,Parts,kg,,Free,,,,Free,Free,,Free,Free,Free,Free,18%,10%,6%,,,,,2.5%,,line item
176,,,,,,,,,,,,,,,,,,,,,,,,,,,empty
177,85.10,,,"Shavers, hair clippers and hair-removing appliances, with self-contained electric motor.",,,,,,,,,,,,,,,,,,,,,,,just HS heading
178,,,,,,,,,,,,,,,,,,,,,,,,,,,empty
179,,8510.10,-,Shavers,u,,15%,,,,Free,Free,,Free,Free,Free,20%,18%,5%,2%,,,,,2.5%,,line item
180,,8510.20,-,Hair clippers,u,,,,,,Free,Free,,Free,Free,Free,20%,18%,10%,6%,,,,,2.5%,,line item
181,,8510.30,-,Hair-removing appliances,u,,,,,,Free,Free,,Free,Free,Free,20%,18%,10%,6%,,,,,2.5%,,line item
182,,8510.90,-,Parts,kg,,Free,,,,Free,Free,,Free,Free,Free,Free,18%,10%,6%,,,,,2.5%,,line item
183,,,,,,,,,,,,,,,,,,,,,,,,,,,empty
184,85.11,,,"Electrical ignition or starting equipment of a kind used for spark-ignition or compression-ignition internal combustion engines (for example, ignition magnetos, magneto-dynamos, ignition coils, sparking plugs and glow plugs, starter motors); generators (for example, dynamos, alternators) and cut- outs of a kind used in conjunction with such engines.",,,,,,,,,,,,,,,,,,,,,,,just HS heading
185,,,,,,,,,,,,,,,,,,,,,,,,,,,empty
186,,8511.10,-,Sparking plugs,u,,,,,,Free,Free,,5%,4.5%,Free,Free,18%,10%,6%,,,,,2.5%,,line item
187,,8511.20,-,Ignition magnetos; magneto-dynamos; magnetic flywheels,u,,,,,,Free,Free,,5%,4.5%,10.0%,15%,18%,10%,6%,,,,,2.5%,,line item
188,,8511.30,-,Distributors; ignition coils,u,,,,,,Free,Free,,5%,4.5%,10.0%,15%,18%,10%,6%,,,,,2.5%,,line item
189,,8511.40,-,Starter motors and dual purpose starter- generators,u,,,,,,Free,Free,,5%,4.5%,10.0%,15%,18%,10%,6%,,,,,2.5%,,line item
190,,8511.50,-,Other generators,u,,,,,,Free,Free,,5%,4.5%,10.0%,15%,18%,10%,6%,,,,,2.5%,,line item
191,,8511.80,-,Other equipment,u,,,,,,Free,Free,,5%,4.5%,10.0%,15%,18%,10%,6%,,,,,2.5%,,line item
192,,8511.90,-,Parts,kg,,,,,,Free,Free,,5%,4.5%,10.0%,15%,18%,10%,6%,,,,,2.5%,,line item
193,,,,,,,,,,,,,,,,,,,,,,,,,,,empty
194,85.12,,,"Electrical lighting or signalling equipment (excluding articles of heading 85.39), windscreen wipers, defrosters and demisters, of a kind used for cycles or motor vehicles.",,,,,,,,,,,,,,,,,,,,,,,just HS heading
195,,,,,,,,,,,,,,,,,,,,,,,,,,,empty
196,,8512.10,-,Lighting or visual signalling equipment of a kind used on bicycles,u,,,,,,Free,Free,,5%,4.5%,10.0%,15%,18%,10%,6%,,,,,2.5%,,line item
197,,8512.20,-,Other lighting or visual signalling equipment,u,,,,,,Free,Free,,5%,4.5%,10.0%,15%,18%,10%,6%,0%,,,,2.5%,,line item
198,,8512.30,-,Sound signalling equipment,u,,,,,,Free,Free,,5%,4.5%,10.0%,15%,18%,10%,6%,,,,,2.5%,,line item
199,,8512.40,-,"Windscreen wipers, defrosters and demisters",u,,,,,,Free,Free,,5%,4.5%,10.0%,15%,18%,10%,6%,,,,,2.5%,,line item
200,,8512.90,-,Parts,kg,,,,,,Free,Free,,5%,4.5%,10.0%,15%,18%,10%,6%,,,,,2.5%,,line item
201,,,,,,,,,,,,,,,,,,,,,,,,,,,empty
202,HS Hdg,HS Code,,Description,Unit,ICL/ SLSI,Preferential Duty,,,,,,,,,,Gen Duty,VAT,PAL,,Cess,,Excise (S.P.D),Surcharge on Customs Duty,SSCL,L C S,empty
203,,,,,,,AP,AD,BN,GT,IN,PK,SA,SF,SD,SG,,,Gen,SG,GEN,SG,,,,,empty
204,,,,,,,,,,,,,,,,,,,,,,,,,,,empty
205,85.13,,,"Portable electric lamps designed to function by their own source of energy (for example, dry batteries, accumulators, magnetos), other than lighting equipment of heading 85.12.",,,,,,,,,,,,,,,,,,,,,,,just HS heading
206,,,,,,,,,,,,,,,,,,,,,,,,,,,empty
207,,8513.10,-,Lamps:,,,,,,,,,,,,,,,,,,,,,,,prefix
208,,8513.10.10,---,"12V, DC portable solar lamps",u,,,,,,Free,Free,,Free,Free,Free,Free,18%,Ex,,,,,,2.5%,,line item
209,,8513.10.90,---,Other,u,,,,,,Free,Free,,Free,Free,Free,20%,18%,Ex,,,,,,2.5%,,line item
210,,8513.90,-,Parts,kg,,,,,,Free,Free,,Free,Free,Free,Free,18%,10%,6%,,,,,2.5%,,line item
211,,,,,,,,,,,,,,,,,,,,,,,,,,,empty
212,85.14,,,Industrial or laboratory electric furnaces and ovens (including those functioning by induction or dielectric loss); other industrial or laboratory equipment for the heat treatment of materials by induction or dielectric loss.,,,,,,,,,,,,,,,,,,,,,,,just HS heading
213,,,,,,,,,,,,,,,,,,,,,,,,,,,empty
214,,,-,Resistance heated furnaces and ovens :,,,,,,,,,,,,,,,,,,,,,,,prefix
215,,8514.11,--,Hot isostatic presses,u,,,,,,Free,Free,,Free,Free,Free,Free,18%,5%,6%,,,,,2.5%,,line item
216,,8514.19,--,Other,u,,,,,,Free,Free,,Free,Free,Free,Free,18%,5%,6%,,,,,2.5%,,line item
217,,8514.20,-,Furnaces and ovens functioning by induction or dielectric loss,u,,,,,,Free,Free,,Free,Free,Free,Free,18%,5%,6%,,,,,2.5%,,line item
218,,8514.30.00,-,Other furnaces and ovens :,,,,,,,,,,,,,,,,,,,,,,,prefix
219,,8514.31,--,Electron beam furnaces,u,,,,,,Free,Free,,Free,Free,Free,Free,18%,5%,6%,,,,,2.5%,,line item
220,,8514.32,--,Plasma and vacuum arc furnaces,u,,,,,,Free,Free,,Free,Free,Free,Free,18%,5%,6%,,,,,2.5%,,line item
221,,8514.39,--,Other,u,,,,,,Free,Free,,Free,Free,Free,Free,18%,5%,6%,,,,,2.5%,,line item
222,,8514.40,-,Other equipment for the heat treatment of materials by induction or dielectric loss,u,,,,,,Free,Free,,Free,Free,Free,Free,18%,5%,6%,,,,,2.5%,,line item
223,,8514.90,-,Parts,kg,,,,,,Free,Free,,Free,Free,Free,Free,18%,5%,6%,,,,,2.5%,,line item
224,,,,,,,,,,,,,,,,,,,,,,,,,,,empty
225,85.15,,,"Electric (including electrically heated gas), laser or other light or photon beam, ultrasonic, electron beam, magnetic pulse or plasma arc soldering, brazing or welding machines and apparatus, whether or not capable of cutting; electric machines and apparatus for hot spraying of metals or cermets.",,,,,,,,,,,,,,,,,,,,,,,just HS heading
226,,,,,,,,,,,,,,,,,,,,,,,,,,,empty
227,,,-,Brazing or soldering machines and apparatus :,,,,,,,,,,,,,,,,,,,,,,,prefix
228,,8515.11,--,Soldering irons and guns,u,,,,,,Free,Free,,Free,Free,Free,Free,18%,5%,6%,,,,,2.5%,,line item
229,,8515.19,--,Other,u,,,,,,Free,Free,,Free,Free,Free,Free,18%,5%,6%,,,,,2.5%,,line item
230,,,-,Machines and apparatus for resistance welding of metal :,,,,,,,,,,,,,,,,,,,,,,,prefix
231,,8515.21,--,Fully or partly automatic,u,,,,,,Free,Free,,Free,Free,Free,Free,18%,5%,6%,,,,,2.5%,,line item
232,,8515.29,--,Other,u,,,,,,Free,Free,,Free,Free,Free,Free,18%,5%,6%,,,,,2.5%,,line item
233,,,-,Machines and apparatus for arc (including plasma arc) welding of metals :,,,,,,,,,,,,,,,,,,,,,,,prefix
234,,8515.31,--,Fully or partly automatic,u,,,,,,Free,Free,,Free,Free,Free,Free,18%,5%,6%,,,,,2.5%,,line item
235,,8515.39,--,Other,u,,,,,,Free,Free,,Free,Free,Free,Free,18%,5%,6%,,,,,2.5%,,line item
236,,8515.80,-,Other machines and apparatus,u,,,,,,Free,Free,,Free,Free,Free,Free,18%,5%,6%,,,,,2.5%,,line item
237,,8515.90,-,Parts,kg,,,,,,Free,Free,,Free,Free,Free,Free,18%,5%,6%,,,,,2.5%,,line item
238,,,,,,,,,,,,,,,,,,,,,,,,,,,empty
239,HS Hdg,HS Code,,Description,Unit,ICL/ SLSI,Preferential Duty,,,,,,,,,,Gen Duty,VAT,PAL,,Cess,,Excise (S.P.D),Surcharge on Customs Duty,SSCL,L C S,empty
240,,,,,,,AP,AD,BN,GT,IN,PK,SA,SF,SD,SG,,,Gen,SG,GEN,SG,,,,,empty
241,,,,,,,,,,,,,,,,,,,,,,,,,,,empty
242,85.16,,,"Electric instantaneous or storage water heaters and immersion heaters; electric space heating apparatus and soil heating apparatus; electro-thermic hair-dressing apparatus (for example, hair dryers, hair curlers, curling tong heaters) and hand dryers; electric smoothing irons; other electro-thermic appliances of a kind used for domestic purposes; electric heating resistors, other than those of heading 85.45.",,,,,,,,,,,,,,,,,,,,,,,just HS heading
243,,,,,,,,,,,,,,,,,,,,,,,,,,,empty
244,,8516.10,-,Electric instantaneous or storage water heaters and immersion heaters,u,,,,,,,,,,5%,,20%,18%,5%,,10%,,,,2.5%,,line item
245,,,,Electric Immersion Water Heaters for boiling water,u,S,,,,,,,,,,,,,,,,,,,,,hscode error
246,,,-,Electric space heating apparatus and electric soil heating apparatus :,,,,,,,,,,,,,,,,,,,,,,,prefix
247,,8516.21,--,Storage heating radiators,u,,,,,,,,,,5%,,20%,18%,5%,6%,10%,Free,,,2.5%,,line item
248,,8516.29,--,Other,u,,,,,,Free,Free,,5%,5%,,20%,18%,5%,6%,10%,Free,,,2.5%,,line item
249,,,-,Electro-thermic hair-dressing or hand-drying apparatus :,,,,,,,,,,,,,,,,,,,,,,,prefix
250,,8516.31,--,Hair dryers,u,,,,,,Free,Free,,Free,Free,Free,Free,18%,5%,6%,,,,,2.5%,,line item
251,,8516.32,--,Other hair-dressing apparatus,u,,Free,,,,Free,Free,,Free,Free,Free,Free,18%,5%,6%,,,,,2.5%,,line item
252,,8516.33,--,Hand-drying apparatus,u,,Free,,,,Free,Free,,Free,Free,Free,Free,18%,5%,6%,,,,,2.5%,,line item
253,,8516.40,-,Electric smoothing irons :,u,,,,,,Free,Free,,Free,Free,Free,20%,18%,5%,2%,,,,,2.5%,,line item
254,,8516.50,-,Microwave ovens,u,,19%,,,,Free,Free,,Free,Free,Free,20%,18%,5%,2%,,,,,2.5%,,line item
255,,8516.60,-,"Other ovens; cookers, cooking plates, boiling rings, grillers and roasters :",,,,,,,,,,,,,,,,,,,,,,,prefix
256,,8516.60.10,---,Rice cookers,u,,,,,,Free,Free,,Free,Free,Free,20%,18%,5%,2%,,,,,2.5%,,line item
257,,8516.60.90,---,Other,u,,,,,,Free,Free,,5%,5%,,20%,18%,5%,2%,10%,Free,,,2.5%,,line item
258,,,,Electric Hot plates,u,S,,,,,,,,,,,,,,,,,,,2.5%,,hscode error
259,,,-,Other electro-thermic appliances :,,,,,,,,,,,,,,,,,,,,,,,prefix
260,,8516.71,--,Coffee or tea makers,u,,,,,,Free,Free,,Free,Free,Free,Free,18%,5%,6%,,,,,2.5%,,line item
261,,8516.72,--,Toasters,u,,,,,,Free,Free,,Free,Free,Free,20%,18%,5%,6%,,,,,2.5%,,line item
262,,8516.79,--,Other :,,,,,,,,,,,,,,,,,,,,,,,prefix
263,,8516.79.10,---,"Heaters for diffusing insecticides/ repellents, and equipment for destroying insects",u,,,,,,,,,Free,Free,Free,Free,18%,5%,6%,,,,,2.5%,,line item
264,,8516.79.20,---,Electric kettles,u,S,,,,,,,,Free,Free,Free,20%,18%,5%,2%,,,,,2.5%,,line item
265,,8516.79.90,---,Other,u,,,,,,,,,Free,Free,Free,Free,18%,5%,2%,,,,,2.5%,,line item
266,,8516.80,-,Electric heating resistors,u,,18.0%,,,,Free,Free,,Free,Free,Free,20%,18%,5%,6%,,,,,2.5%,,line item
267,,8516.90,-,Parts:,,,,,,,,,,,,,,,,,,,,,,,prefix
268,,8516.90.10,---,Of rice cookers,kg,,,,,,Free,Free,,Free,Free,Free,Free,18%,5%,6%,,,,,2.5%,,line item
269,,8516.90.90,---,Other,kg,,,,,,Free,Free,,5%,5%,,20%,18%,5%,6%,,,,,2.5%,,line item
270,HS Hdg,HS Code,,Description,Unit,ICL/ SLSI,Preferential Duty,,,,,,,,,,Gen Duty,VAT,PAL,,Cess,,Excise (S.P.D),Surcharge on Customs Duty,SSCL,L C S,empty
271,,,,,,,AP,AD,BN,GT,IN,PK,SA,SF,SD,SG,,,Gen,SG,GEN,SG,,,,,empty
272,,,,,,,,,,,,,,,,,,,,,,,,,,,empty
273,,,,,,,,,,,,,,,,,,,,,,,,,,,empty
274,85.17,,,"Telephone sets, including smartphones and other telephones for cellular networks or for other wireless networks; other apparatus for the transmission or reception of voice, images or other data, including apparatus for communication in a wired or wireless network (such as a local or wide area network), other than transmission or reception apparatus of heading 84.43, 85.25, 85.27 or 85.28.",,,,,,,,,,,,,,,,,,,,,,,just HS heading
275,,,,,,,,,,,,,,,,,,,,,,,,,,,empty
276,,,-,"Telephone sets, including smartphones and other telephones for cellular networks or for other wireless networks :",,,,,,,,,,,,,,,,,,,,,,,prefix
277,,8517.11,--,Line telephone sets with cordless handsets,u,,,,,,Free,Free,,Free,Free,Free,Free,18%,10%,6%,,,,,2.5%,,line item
278,,8517.13,--,Smartphones:,,,,,,,,,,,,,,,,,,,,,,,prefix
279,,8517.13.10,---,Used,u,L,,,,,Free,Free,,Free,Free,Free,Free,18%,10%,6%,,,,,2.5%,,line item
280,,8517.13.90,---,Other,u,L,,,,,Free,Free,,Free,Free,Free,Free,18%,5%,2%,,,,,2.5%,,line item
281,,8517.14,--,Other telephones for cellular networks or for other wireless networks:,,,,,,,,,,,,,,,,,,,,,,,prefix
282,,8517.14.10,---,Used,u,L,,,,,Free,Free,,Free,Free,Free,Free,18%,10%,6%,,,,,2.5%,,line item
283,,8517.14.90,---,Other,u,L,,,,,Free,Free,,Free,Free,Free,Free,18%,10%,6%,,,,,2.5%,,line item
284,,8517.18,--,Other,u,,,,,,Free,Free,,Free,Free,Free,20%,18%,10%,6%,,,,,2.5%,,line item
285,,,-,"Other apparatus for transmission or reception of voice, images or other data, including apparatus for communication in a wired or wireless network (such as a local or wide area network) :",,,,,,,,,,,,,,,,,,,,,,,prefix
286,,8517.61,--,Base stations,u,L,,,,,Free,Free,,Free,Free,Free,Free,18%,10%,6%,,,,,2.5%,,line item
287,,8517.62,--,"Machines for the reception, conversion and transmission or regeneration of voice, images or other data, including switching and routing apparatus :",,,,,,,,,,,,,,,,,,,,,,,prefix
288,,8517.62.10,---,Transmission apparatus with or without reception apparatus,u,L,,,,,Free,Free,,Free,Free,Free,Free,18%,10%,6%,,,,,2.5%,,line item
289,,8517.62.90,---,Other,u,,,,,,Free,Free,,Free,Free,Free,Free,18%,10%,6%,,,,,2.5%,,line item
290,,8517.69,--,Other,u,,,,,,Free,Free,,Free,Free,Free,Free,18%,10%,6%,,,,,2.5%,,line item
291,,8517.70.00,-,Parts :,,,,,,,,,,,,,,,,,,,,,,,prefix
292,,8517.71,--,Aerials and aerial reflectors of all kinds; parts suitable for use therewith,kg,,,,,,Free,Free,,Free,Free,Free,Free,18%,10%,6%,,,,,2.5%,,line item
293,,8517.79,--,Other,kg,,,,,,Free,Free,,Free,Free,Free,Free,18%,10%,6%,,,,,2.5%,,line item
294,,,,,,,,,,,,,,,,,,,,,,,,,,,empty
295,85.18,,,"Microphones and stands therefor; loudspeakers, whether or not mounted in their enclosures; headphones and earphones, whether or not combined with a microphone, and sets consisting of a microphone and one or more loudspeakers; audio-frequency electric amplifiers; electric sound amplifier sets.",,,,,,,,,,,,,,,,,,,,,,,just HS heading
296,,,,,,,,,,,,,,,,,,,,,,,,,,,empty
297,,8518.10,-,Microphones and stands therefor,u,,,,,,Free,Free,,5%,4.5%,10.0%,15%,18%,10%,6%,,,,,2.5%,,line item
298,,,-,"Loudspeakers, whether or not mounted in their enclosures :",,,,,,,,,,,,,,,,,,,,,,,prefix
299,,8518.21,--,"Single loudspeakers, mounted in their enclosures",u,,,,,,Free,Free,,5%,4.5%,10.0%,15%,18%,10%,6%,,,,,2.5%,,line item
300,,8518.22,--,"Multiple loudspeakers, mounted in the same enclosure",u,,,,,,Free,Free,,5%,4.5%,10.0%,15%,18%,10%,6%,,,,,2.5%,,line item
301,,8518.29,--,Other,u,,,,,,Free,Free,,5%,4.5%,10.0%,20%,18%,10%,6%,,,,,2.5%,,line item
302,HS Hdg,HS Code,,Description,Unit,ICL/ SLSI,Preferential Duty,,,,,,,,,,Gen Duty,VAT,PAL,,Cess,,Excise (S.P.D),Surcharge on Customs Duty,SSCL,L C S,empty
303,,,,,,,AP,AD,BN,GT,IN,PK,SA,SF,SD,SG,,,Gen,SG,GEN,SG,,,,,empty
304,,,,,,,,,,,,,,,,,,,,,,,,,,,empty
305,,8518.30,-,"Headphones and earphones, whether or not combined with a microphone, and sets consisting of a microphone and one or more loudspeakers",u,,,,,,Free,Free,,Free,Free,Free,Free,18%,10%,6%,,,,,2.5%,,line item
306,,8518.40,-,Audio-frequency electric amplifiers,u,,,,,,Free,Free,,5%,4.5%,10.0%,15%,18%,10%,6%,,,,,2.5%,,line item
307,,8518.50,-,Electric sound amplifier sets,u,,,,,,Free,Free,,5%,4.5%,10.0%,15%,18%,10%,6%,,,,,2.5%,,line item
308,,8518.90,-,Parts,kg,,,,,,Free,Free,,5%,4.5%,10.0%,15%,18%,10%,6%,,,,,2.5%,,line item
309,,,,,,,,,,,,,,,,,,,,,,,,,,,empty
310,HS Hdg,HS Code,,Description,Unit,ICL/ SLSI,Preferential Duty,,,,,,,,,,Gen Duty,VAT,PAL,,Cess,,Excise (S.P.D),Surcharge on Customs Duty,SSCL,L C S,empty
311,,,,,,,AP,AD,BN,GT,IN,PK,SA,SF,SD,SG,,,Gen,SG,GEN,SG,,,,,empty
312,,,,,,,,,,,,,,,,,,,,,,,,,,,empty
313,85.19,,,Sound recording or reproducing apparatus(+).,,,,,,,,,,,,,,,,,,,,,,,just HS heading
314,,,,,,,,,,,,,,,,,,,,,,,,,,,empty
315,,8519.20,-,"Apparatus operated by coins, banknotes, bank cards, tokens or by other means of payment",u,,13.5%,,,,Free,Free,,5%,4.5%,10.0%,15%,18%,Ex,,,,,,2.5%,,line item
316,,8519.30,-,Turntables (record-decks),u,,,,,,Free,Free,,5%,4.5%,10.0%,15%,18%,Ex,,,,,,2.5%,,line item
317,,8519.50.00,-,Other apparatus :,,,,,,,,,,,,,,,,,,,,,,,prefix
318,,8519.81,--,"Using magnetic, optical or semiconductor media :",,,,,,,,,,,,,,,,,,,,,,,prefix
319,,8519.81.10,---,Magnetic cine sound recorders for 35 mm sprocketed films,u,,,,,,Free,Free,,Free,Free,Free,Free,18%,Ex,,,,,,2.5%,,line item
320,,8519.81.90,---,Other,u,,,,,,Free,Free,,Free,Free,Free,Free,18%,10%,6%,,,,,2.5%,,line item
321,,8519.89,--,Other :,,,,,,,,,,,,,,,,,,,,,,,prefix
322,,8519.89.10,---,Sound reproducing apparatus,u,,13.5%,,,,Free,Free,,5%,4.5%,10.0%,15%,18%,10%,6%,,,,,2.5%,,line item
323,,8519.89.90,---,Other,u,,,,,,Free,Free,,5%,4.5%,10.0%,15%,18%,10%,6%,,,,,2.5%,,line item
324,,,,,,,,,,,,,,,,,,,,,,,,,,,empty
325,[85.20],,,,,,,,,,,,,,,,,,,,,,,,,,empty
326,,,,,,,,,,,,,,,,,,,,,,,,,,,empty
327,85.21,,,"Video recording or reproducing apparatus, whether or not incorporating a video tuner.",,,,,,,,,,,,,,,,,,,,,,,just HS heading
328,,,,,,,,,,,,,,,,,,,,,,,,,,,empty
329,,8521.10,-,Magnetic tape-type,u,,,,,,Free,Free,,Free,Free,Free,Free,18%,Ex,,,,,,2.5%,,line item
330,,8521.90,-,Other,u,,Free,,,,Free,Free,,Free,Free,Free,Free,18%,10%,6%,,,,,2.5%,,line item
331,,,,,,,,,,,,,,,,,,,,,,,,,,,empty
332,85.22,,,Parts and accessories suitable for use solely or principally with the apparatus of heading 85.19 to 85.21.,,,,,,,,,,,,,,,,,,,,,,,just HS heading
333,,,,,,,,,,,,,,,,,,,,,,,,,,,empty
334,,8522.10,-,Pick-up cartridges,kg,,,,,,Free,Free,,Free,Free,Free,Free,18%,Ex,,,,,,2.5%,,line item
335,,8522.90,-,Other,u,,,,,,Free,Free,,Free,Free,Free,Free,18%,10%,6%,,,,,2.5%,,line item
336,,,,,,,,,,,,,,,,,,,,,,,,,,,empty
337,85.23,,,"Discs, tapes, solid–state non-volatile storage devices, “smart cards” and other media for the recording of sound or of other phenomena, whether or not recorded, including matrices and masters for the production of discs, but excluding products of Chapter 37.",,,,,,,,,,,,,,,,,,,,,,,just HS heading
338,,,,,,,,,,,,,,,,,,,,,,,,,,,empty
339,,,-,Magnetic media :,,,,,,,,,,,,,,,,,,,,,,,prefix
340,,8523.21,--,Cards incorporating a magnetic stripe,u,,,,,,Free,Free,,5%,4.5%,10.0%,15%,18%,10%,6%,,,,,2.5%,,line item
341,,8523.29,--,Other :,,,,,,,,,,,,,,,,,,,,,,,prefix
342,,8523.29.10,---,Unrecorded magnetic tapes of a width not exceeding 4 mm for machines of heading 84.71,u,,,,,,Free,Free,,Free,Free,Free,Free,18%,Ex,,,,,,2.5%,,line item
343,HS Hdg,HS Code,,Description,Unit,ICL/ SLSI,Preferential Duty,,,,,,,,,,Gen Duty,VAT,PAL,,Cess,,Excise (S.P.D),Surcharge on Customs Duty,SSCL,L C S,empty
344,,,,,,,AP,AD,BN,GT,IN,PK,SA,SF,SD,SG,,,Gen,SG,GEN,SG,,,,,empty
345,,,,,,,,,,,,,,,,,,,,,,,,,,,empty
346,,8523.29.20,---,Other unrecorded magnetic tapes of a width not exceeding 4 mm,u,,,,,,Free,Free,,5%,4.5%,10.0%,15%,18%,Ex,,,,,,2.5%,,line item
347,,8523.29.30,---,Other unrecorded magnetic tapes for machines of heading 84.71; other recorded magnetic tapes for reproducing phenomena other than sound or image; magnetic discs,u,,,,,,Free,Free,,Free,Free,Free,Free,18%,10%,6%,,,,,2.5%,,line item
348,,8523.29.90,---,Other,u,,,,,,Free,Free,,5%,4.5%,10.0%,15%,18%,10%,6%,,,,,2.5%,,line item
349,,,-,Optical media :,,,,,,,,,,,,,,,,,,,,,,,prefix
350,,8523.41,--,Unrecorded,u,,,,,,Free,Free,,Free,Free,Free,Free,18%,10%,6%,,,,,2.5%,,line item
351,,8523.49,--,Other,u,,,,,,Free,Free,,Free,Free,Free,Free,18%,10%,6%,,,,,2.5%,,line item
352,,,-,Semiconductor media :,,,,,,,,,,,,,,,,,,,,,,,prefix
353,,8523.51,--,Solid-state non-volatile storage devices,u,,,,,,Free,Free,,Free,Free,Free,Free,18%,10%,6%,,,,,2.5%,,line item
354,,8523.52,--,"""Smart cards""",u,,,,,,Free,Free,,Free,Free,Free,Free,18%,10%,6%,,,,,2.5%,,line item
355,,8523.59,--,Other :,,,,,,,,,,,,,,,,,,,,,,,prefix
356,,8523.59.10,---,Proximity cards and tags,u,,,,,,Free,Free,,Free,Free,Free,Free,18%,10%,6%,,,,,2.5%,,line item
357,,8523.59.90,---,Other,u,,,,,,Free,Free,,Free,Free,Free,Free,18%,10%,6%,,,,,2.5%,,line item
358,,8523.80.00,-,Other,u,,,,,,Free,Free,,Free,Free,Free,Free,18%,10%,6%,,,,,2.5%,,line item
359,,,,,,,,,,,,,,,,,,,,,,,,,,,empty
360,85.24,,,"Flat panel display modules, whether or not incorporating touch-sensitive screens.",,,,,,,,,,,,,,,,,,,,,,,just HS heading
361,,,,,,,,,,,,,,,,,,,,,,,,,,,empty
362,,,-,Without drivers or control circuits :,,,,,,,,,,,,,,,,,,,,,,,prefix
363,,8524.11,--,Of liquid crystals,u,,,,,,Free,Free,,Free,Free,Free,Free,18%,5%,,10%,,,,2.5%,,line item
364,,8524.12,--,Of organic light-emitting diodes (OLED),u,,,,,,Free,Free,,Free,Free,Free,Free,18%,5%,,10%,,,,2.5%,,line item
365,,8524.19,--,Other,u,,,,,,Free,Free,,Free,Free,Free,Free,18%,5%,,10%,,,,2.5%,,line item
366,,,-,Other :,,,,,,,,,,,,,,,,,,,,,,,prefix
367,,8524.91,--,Of liquid crystals,u,,,,,,Free,Free,,Free,Free,Free,Free,18%,5%,,10%,,,,2.5%,,line item
368,,8524.92,--,Of organic light-emitting diodes (OLED),u,,,,,,Free,Free,,Free,Free,Free,Free,18%,5%,,10%,,,,2.5%,,line item
369,,8524.99,--,Other,u,,,,,,Free,Free,,Free,Free,Free,Free,18%,5%,,10%,,,,2.5%,,line item
370,,,,,,,,,,,,,,,,,,,,,,,,,,,empty
371,85.25,,,"Transmission apparatus for radio- broadcasting or television, whether or not incorporating reception apparatus or sound recording or reproducing apparatus; television cameras, digital cameras and video camera recorders.",,,,,,,,,,,,,,,,,,,,,,,just HS heading
372,,,,,,,,,,,,,,,,,,,,,,,,,,,empty
373,,8525.50,-,Transmission apparatus,u,L,,,,,Free,Free,,Free,Free,Free,Free,18%,5%,6%,,,,,2.5%,,line item
374,,8525.60,-,Transmission apparatus incorporating reception apparatus,u,L,,,,,Free,Free,,5%,4.5%,3.0%,Free,18%,5%,6%,,,,,2.5%,,line item
375,,,-,"Television cameras, digital cameras and video camera recorders :",,,,,,,,,,,,,,,,,,,,,,,prefix
376,,8525.81,--,High-speed goods as specified in Subheading Note 1 to this chapter,u,,,,,,Free,Free,,5%,4.5%,Free,Free,18%,5%,2%,,,,,2.5%,,line item
377,,8525.82,--,"Other, radiation-hardened or radiation-tolerant goods as specified in Subheading Note 2 to this chapter",u,,,,,,Free,Free,,5%,4.5%,Free,Free,18%,5%,2%,,,,,2.5%,,line item
378,,8525.83,--,"Other, night vision goods as specified in Subheading Note 3 to this chapter",u,,,,,,Free,Free,,5%,4.5%,Free,Free,18%,5%,2%,,,,,2.5%,,line item
379,,8525.89,--,Other,u,,,,,,Free,Free,,5%,4.5%,Free,20%,18%,5%,2%,,,,,2.5%,,line item
380,,,,,,,,,,,,,,,,,,,,,,,,,,,empty
381,85.26,,,"Radar apparatus, radio navigational aid apparatus and radio remote control apparatus.",,,,,,,,,,,,,,,,,,,,,,,just HS heading
382,,,,,,,,,,,,,,,,,,,,,,,,,,,empty
383,,8526.10,-,Radar apparatus,u,,,,,,Free,Free,,Free,Free,Free,Free,18%,5%,6%,,,,,2.5%,,line item
384,,,-,Other :,,,,,,,,,,,,,,,,,,,,,,,prefix
385,,8526.91,--,Radio navigational aid apparatus,u,L,,,,,Free,Free,,Free,Free,Free,Free,18%,5%,6%,,,,,2.5%,,line item
386,,8526.92,--,Radio remote control apparatus,u,,,,,,Free,Free,,Free,Free,Free,Free,18%,5%,6%,,,,,2.5%,,line item
387,,,,,,,,,,,,,,,,,,,,,,,,,,,empty
388,85.27,,,"Reception apparatus for radio- broadcasting, whether or not combined, in the same housing, with sound recording or reproducing apparatus or a clock.",,,,,,,,,,,,,,,,,,,,,,,just HS heading
389,HS Hdg,HS Code,,Description,Unit,ICL/ SLSI,Preferential Duty,,,,,,,,,,Gen Duty,VAT,PAL,,Cess,,Excise (S.P.D),Surcharge on Customs Duty,SSCL,L C S,empty
390,,,,,,,AP,AD,BN,GT,IN,PK,SA,SF,SD,SG,,,Gen,SG,GEN,SG,,,,,empty
391,,,,,,,,,,,,,,,,,,,,,,,,,,,empty
392,,,,,,,,,,,,,,,,,,,,,,,,,,,empty
393,,,-,Radio-broadcast receivers capable of operating without an external source of power :,,,,,,,,,,,,,,,,,,,,,,,prefix
394,,8527.12,--,Pocket-size radio cassette-players,u,,Free,,,,,Free,,Free,Free,Free,Free,18%,Ex,,,,,,2.5%,,line item
395,,8527.13,--,Other apparatus combined with sound recording or reproducing apparatus,u,,Free,,,,,Free,,Free,Free,Free,Free,18%,5%,2%,,,,,2.5%,,line item
396,,8527.19,--,Other :,u,,15.4%,,,,,Free,,,,,20%,18%,5%,6%,7%,Free,,,2.5%,,line item
397,,,-,"Radio-broadcast receivers not capable of operating without an external source of power, of a kind used in motor vehicles :",,,,,,,,,,,,,,,,,,,,,,,prefix
398,,8527.21,--,Combined with sound recording or reproducing apparatus,u,,Free,,,,,,,Free,Free,Free,Free,18%,5%,2%,,,,,2.5%,,line item
399,,8527.29,--,Other,u,,Free,,,,,,,Free,Free,Free,Free,18%,5%,6%,,,,,2.5%,,line item
400,,,-,Other :,,,,,,,,,,,,,,18%,,,,,,,,,hscode error
401,,8527.91,--,Combined with sound recording or reproducing apparatus,u,,,,,,,,,Free,Free,Free,20%,18%,5%,2%,,,,,2.5%,,line item
402,,8527.92,--,Not combined with sound recording or reproducing apparatus but combined with a clock,u,,,,,,,,,Free,Free,Free,Free,18%,5%,2%,,,,,2.5%,,line item
403,,8527.99,--,Other,u,,,,,,,,,Free,Free,Free,Free,18%,5%,6%,,,,,2.5%,,line item
404,,,,,,,,,,,,,,,,,,,,,,,,,,,empty
405,HS Hdg,HS Code,,Description,Unit,ICL/ SLSI,Preferential Duty,,,,,,,,,,Gen Duty,VAT,PAL,,Cess,,Excise (S.P.D),Surcharge on Customs Duty,SSCL,L C S,empty
406,,,,,,,AP,AD,BN,GT,IN,PK,SA,SF,SD,SG,,,Gen,SG,GEN,SG,,,,,empty
407,,,,,,,,,,,,,,,,,,,,,,,,,,,empty
408,85.28,,,"Monitors and projectors, not incorporating television reception apparatus; reception apparatus for television, whether or not incorporating radio-broadcast receivers or sound or video recording or reproducing apparatus.",,,,,,,,,,,,,,,,,,,,,,,just HS heading
409,,,,,,,,,,,,,,,,,,,,,,,,,,,empty
410,,,-,Cathode-ray tube monitors :,,,,,,,,,,,,,,18%,,,,,,,,,hscode error
411,,8528.42,--,Capable of directly connecting to and designed for use with an automatic data processing machine of heading 84.71,u,,,,,,Free,Free,,Free,Free,Free,Free,18%,5%,6%,,,,,2.5%,,line item
412,,8528.49,--,Other :,,,,,,,,,,,,,,,,,,,,,,,prefix
413,,8528.49.10,---,Used / reconditioned,u,L,,,,,Free,Free,,5%,4.5%,10.0%,15%,18%,Ex,,,,,,2.5%,,line item
414,,8528.49.90,---,Other,u,,,,,,Free,Free,,5%,4.5%,10.0%,15%,18%,5%,6%,,,,,2.5%,,line item
415,,,-,Other monitors :,,,,,,,,,,,,,,,,,,,,,,,prefix
416,,8528.52,--,Capable of directly connecting to designed for use with an automatic data processing machine of heading 84.71,u,,,,,,Free,Free,,Free,Free,Free,Free,18%,5%,6%,,,,,2.5%,,line item
417,,8528.59,--,Other :,,,,,,,,,,,,,,,,,,,,,,,prefix
418,,8528.59.10,---,Used / reconditioned,u,L,,,,,Free,Free,,5%,4.5%,10.0%,20%,18%,Ex,,,,,,2.5%,,line item
419,,8528.59.90,---,Other,u,,,,,,Free,Free,,5%,4.5%,10.0%,20%,18%,5%,6%,,,,,2.5%,,line item
420,,,-,Projectors :,,,,,,,,,,,,,,,,,,,,,,,prefix
421,,8528.62,--,Capable of directly connecting to designed for use with an automatic data processing machine of heading 84.71,u,,,,,,Free,Free,,Free,Free,Free,Free,18%,5%,6%,,,,,2.5%,,line item
422,,8528.69,--,Other,u,,,,,,,Free,,Free,Free,Free,Free,18%,5%,6%,,,,,2.5%,,line item
423,,,-,"Reception apparatus for television, whether or not incorporating radio-broadcast receivers or sound or video recording or reproducing apparatus :",,,,,,,,,,,,,,,,,,,,,,,prefix
424,,8528.71,--,Not designed to incorporate a video display or screen :,,,,,,,,,,,,,,,,,,,,,,,prefix
425,,8528.71.10,---,Used / reconditioned,u,L,,,,,,Free,,,4.5%,10.0%,20%,18%,5%,6%,,,,,2.5%,,line item
426,,8528.71.20,---,"Other, colour",u,L,19.00%,,,,,Free,,,4.5%,10.0%,20%,18%,5%,2%,,,,,2.5%,,line item
427,,8528.71.90,---,Other,u,L,,,,,,Free,,,4.5%,10.0%,20%,18%,5%,6%,,,,,2.5%,,line item
428,,8528.72,--,"Other, colour :",,,,,,,,,,,,,,,,,,,,,,,prefix
429,,8528.72.10,---,Unassembled in completely knocked-down form,u,,,,,,,Free,,,,Free,Free,18%,Ex,,,,,,2.5%,,line item
430,,8528.72.20,---,Used / reconditioned,u,L,19.00%,,,,,Free,,,,,20%,18%,Ex,,,,,,2.5%,,line item
431,,,---,"Other, with cathode ray tube :",,,,,,,,,,,,,,,,,,,,,,,prefix
432,,8528.72.31,----,Having a screen of less than 14 inches,u,,19% or Rs.1046/ = per u,,,,,Free,,,,,20% or Rs.1100/ = per u,18%,Ex,,,,,,2.5%,,line item
433,,8528.72.32,----,Having a screen of 14 inches and not exceeding 15 inches,u,,19% or Rs.1807/ = per u,,,,,Free,,,,,20% or Rs.1900/ = per u,18%,Ex,,,,,,2.5%,,line item
434,,8528.72.33,----,Having a screen of exceeding 15 inches and not exceeding 21 inches,u,,19% or Rs.2756/ = per u,,,,,Free,,,,,20% or Rs.2900/ = per u,18%,Ex,,,,,,2.5%,,line item
435,,8528.72.34,----,Having a screen of exceeding 21 inches and not exceeding 25 inches,u,,19% or Rs.5512/ = per u,,,,,Free,,,,,20% or Rs.5800/ = per u,18%,Ex,,,,,,2.5%,,line item
436,,8528.72.35,----,Having a screen of exceeding 25 inches and not exceeding 29 inches,u,,19% or Rs.6272/ = per u,,,,,Free,,,,,20% or Rs.6600/ = per kg,18%,Ex,,,,,,2.5%,,line item
437,,8528.72.36,----,Having a screen of exceeding 29 inches and not exceeding 34 inches,u,,"19% or Rs.10,45 0/= per u",,,,,Free,,,,,"20% or Rs.11,000 /= per u",18%,Ex,,,,,,2.5%,,line item
438,,8528.72.39,----,Other,u,,19.00%,,,,,Free,,,,,20%,18%,5%,6%,,,,,2.5%,,line item
439,,,---,"Other, with LCD :",,,,,,,,,,,,,,,,,,,,,,,prefix
440,HS Hdg,HS Code,,Description,Unit,ICL/ SLSI,Preferential Duty,,,,,,,,,,Gen Duty,VAT,PAL,,Cess,,Excise (S.P.D),Surcharge on Customs Duty,SSCL,L C S,empty
441,,,,,,,AP,AD,BN,GT,IN,PK,SA,SF,SD,SG,,,Gen,SG,GEN,SG,,,,,empty
442,,,,,,,,,,,,,,,,,,,,,,,,,,,empty
443,,8528.72.41,----,Having a screen of not exceeding 32 inches,u,,Free,,,,,Free,,,,Free,Free,18%,5%,2%,,,,,2.5%,,line item
444,,8528.72.49,----,Other,u,,19.00%,,,,,Free,,,,,20%,18%,5%,6%,,,,,2.5%,,line item
445,,,---,Other :,,,,,,,,,,,,,,,,,,,,,,,prefix
446,,8528.72.91,----,Having a screen of not exceeding 32 inches,u,,19.00%,,,,,Free,,,,Free,20%,18%,5%,2%,,,,,2.5%,,line item
447,,8528.72.99,----,Other,u,,19.00%,,,,,Free,,,,,20%,18%,10%,6%,,,,,2.5%,,line item
448,,8528.73,--,"Other, monochrome :",,,,,,,,,,,,,,,,,,,,,,,prefix
449,,8528.73.10,---,Used / reconditioned and completely knocked- down with or without cathode ray tube,u,L,,,,,,Free,,,Free,Free,Free,18%,Ex,,,,,,2.5%,,line item
450,,8528.73.20,---,"Other, completely knocked-down with or without cathode ray tube",u,,,,,,,Free,,,Free,Free,Free,18%,Ex,,,,,,2.5%,,line item
451,,8528.73.30,---,"Other, used / reconditioned",u,L,,,,,,Free,,,4.5%,10.0%,20%,18%,5%,6%,,,,,2.5%,,line item
452,,8528.73.90,---,Other,u,,,,,,,Free,,,4.5%,10.0%,20%,18%,5%,6%,,,,,2.5%,,line item
453,,,,,,,,,,,,,,,,,,,,,,,,,,,empty
454,85.29,,,Parts suitable for use solely or principally with the apparatus of headings 85.24 to 85.28.,,,,,,,,,,,,,,,,,,,,,,,just HS heading
455,,,,,,,,,,,,,,,,,,,,,,,,,,,empty
456,,8529.10,-,Aerials and aerial reflectors of all kinds; parts suitable for use therewith :,,,,,,,,,,,,,,,,,,,,,,,prefix
457,,8529.10.10,---,Parabolic antennas and parabolic reflector dishes for satellite television reception,kg,L,,,,,Free,Free,,5%,5%,,20%,18%,10%,6%,10%,Free,,,2.5%,,line item
458,,8529.10.20,---,Other outdoor TV antennas / aerials,kg,,,,,,Free,Free,,5% or Rs.118/= per u,5% or Rs.118/= per u,,20% or Rs.470/= per u,18%,10%,6%,10% or Rs.230/= per unit,Free,,,2.5%,,line item
459,,8529.10.30,---,Other TV antennas / aerials,kg,,,,,,Free,Free,,5%,5%,,20%,18%,10%,6%,10%,Free,,,2.5%,,line item
460,,8529.10.90,---,Other,kg,L,,,,,Free,Free,,5%,4.5%,10.0%,15%,18%,10%,6%,,,,,2.5%,,line item
461,,8529.90,-,Other,kg,,13.5%,,,,Free,Free,,5%,4.5%,10.0%,15%,18%,10%,6%,,,,,2.5%,,line item
462,,,,,,,,,,,,,,,,,,,,,,,,,,,empty
463,85.30,,,"Electrical signalling, safety or traffic control equipment for railways, tramways, roads, inland waterways, parking facilities, port installations or airfields (other than those of heading 86.08).",,,,,,,,,,,,,,,,,,,,,,,just HS heading
464,,,,,,,,,,,,,,,,,,,,,,,,,,,empty
465,,8530.10,-,Equipment for railways or tramways,u,,,,,,Free,Free,,5%,4.5%,10.0%,15%,18%,5%,6%,,,,,2.5%,,line item
466,,8530.80,-,Other equipment,u,,,,,,Free,Free,,5%,4.5%,10.0%,15%,18%,5%,6%,,,,,2.5%,,line item
467,,8530.90,-,Parts,kg,,,,,,Free,Free,,5%,4.5%,10.0%,15%,18%,5%,6%,,,,,2.5%,,line item
468,,,,,,,,,,,,,,,,,,,,,,,,,,,empty
469,85.31,,,"Electric sound or visual signalling apparatus (for example, bells, sirens, indicator panels, burglar or fire alarms), other than those of heading 85.12 or 85.30.",,,,,,,,,,,,,,,,,,,,,,,just HS heading
470,,,,,,,,,,,,,,,,,,,,,,,,,,,empty
471,,8531.10,-,Burglar or fire alarms and similar apparatus,u,,13.5%,,,,Free,Free,,5%,4.5%,10.0%,15%,18%,5%,6%,,,,,2.5%,,line item
472,,8531.20,-,Indicator panels incorporating liquid crystal devices (LCD) or light-emitting diodes (LED),u,,,,,,Free,Free,,5%,4.5%,10.0%,15%,18%,5%,6%,,,,,2.5%,,line item
473,,8531.80,-,Other apparatus :,,,,,,,,,,,,,,18%,,,,,,,,,line item
474,,8531.80.10,---,Electric Call Bells,u,,,,,,Free,Free,,Free,Free,Free,Free,18%,5%,6%,,,,,2.5%,,line item
475,,8531.80.90,---,Other,u,,,,,,Free,Free,,5%,4.5%,10.0%,15%,18%,5%,6%,,,,,2.5%,,line item
476,,8531.90,-,Parts,kg,,,,,,Free,Free,,5%,4.5%,10.0%,15%,18%,5%,6%,,,,,2.5%,,line item
477,,,,,,,,,,,,,,,,,,,,,,,,,,,empty
478,HS Hdg,HS Code,,Description,Unit,ICL/ SLSI,Preferential Duty,,,,,,,,,,Gen Duty,VAT,PAL,,Cess,,Excise (S.P.D),Surcharge on Customs Duty,SSCL,L C S,empty
479,,,,,,,AP,AD,BN,GT,IN,PK,SA,SF,SD,SG,,,Gen,SG,GEN,SG,,,,,empty
480,,,,,,,,,,,,,,,,,,,,,,,,,,,empty
481,85.32,,,"Electrical capacitors, fixed, variable or adjustable (pre-set)(+).",,,,,,,,,,,,,,,,,,,,,,,just HS heading
482,,,,,,,,,,,,,,,,,,,,,,,,,,,empty
483,,8532.10,-,Fixed capacitors designed for use in 50/60 Hz circuits and having a reactive power handling capacity of not less than 0.5 kvar (power capacitors) :,,,,,,,,,,,,,,,,,,,,,,,prefix
484,,8532.10.10,---,Contaminated with or containing Polychlorinated biphenyls (PCB),kg,,,,,,Free,Free,,Free,Free,Free,Free,18%,5%,6%,,,,,2.5%,,line item
485,,8532.10.90,---,Other,kg,,,,,,Free,Free,,Free,Free,Free,Free,18%,5%,6%,,,,,2.5%,,line item
486,,,-,Other fixed capacitors :,,,,,,,,,,,,,,,,,,,,,,,prefix
487,,8532.21,--,Tantalum :,,,,,,,,,,,,,,,,,,,,,,,prefix
488,,8532.21.10,---,Contaminated with or containing Polychlorinated biphenyls (PCB),kg,,,,,,Free,Free,,Free,Free,Free,Free,18%,Ex,,,,,,2.5%,,line item
489,,8532.21.90,---,Other,kg,,,,,,Free,Free,,Free,Free,Free,Free,18%,Ex,,,,,,2.5%,,line item
490,,8532.22,--,Aluminium electrolytic :,,,,,,,,,,,,,,,,,,,,,,,prefix
491,,8532.22.10,---,Contaminated with or containing Polychlorinated biphenyls (PCB),kg,,,,,,Free,Free,,Free,Free,Free,Free,18%,Ex,,,,,,2.5%,,line item
492,,8532.22.90,---,Other,kg,,,,,,Free,Free,,Free,Free,Free,Free,18%,5%,6%,,,,,2.5%,,line item
493,,8532.23,--,"Ceramic dielectric, single layer :",,,,,,,,,,,,,,,,,,,,,,,prefix
494,,8532.23.10,---,Contaminated with or containing Polychlorinated biphenyls (PCB),kg,,,,,,Free,Free,,Free,Free,Free,Free,18%,Ex,,,,,,2.5%,,line item
495,,8532.23.90,---,Other,kg,,,,,,Free,Free,,Free,Free,Free,Free,18%,Ex,,,,,,2.5%,,line item
496,,8532.24,--,"Ceramic dielectric, multilayer :",,,,,,,,,,,,,,,,,,,,,,,prefix
497,,8532.24.10,---,Contaminated with or containing Polychlorinated biphenyls (PCB),kg,,,,,,Free,Free,,Free,Free,Free,Free,18%,Ex,,,,,,2.5%,,line item
498,,8532.24.90,---,Other,kg,,,,,,Free,Free,,Free,Free,Free,Free,18%,Ex,,,,,,2.5%,,line item
499,,8532.25,--,Dielectric of paper or plastics :,,,,,,,,,,,,,,,,,,,,,,,prefix
500,,8532.25.10,---,Contaminated with or containing Polychlorinated biphenyls (PCB),kg,,,,,,Free,Free,,Free,Free,Free,Free,18%,Ex,,,,,,2.5%,,line item
501,,8532.25.90,---,Other,kg,,,,,,Free,Free,,Free,Free,Free,Free,18%,5%,6%,,,,,2.5%,,line item
502,,8532.29,--,Other :,,,,,,,,,,,,,,,,,,,,,,,prefix
503,,8532.29.10,---,Contaminated with or containing Polychlorinated biphenyls (PCB),kg,,,,,,Free,Free,,Free,Free,Free,Free,18%,Ex,,,,,,2.5%,,line item
504,,8532.29.90,---,Other,kg,,,,,,Free,Free,,Free,Free,Free,Free,18%,5%,6%,,,,,2.5%,,line item
505,,8532.30,-,Variable or adjustable (pre-set) capacitors :,,,,,,,,,,,,,,,,,,,,,,,prefix
506,,8532.30.10,---,Contaminated with or containing Polychlorinated biphenyls (PCB),kg,,,,,,Free,Free,,Free,Free,Free,Free,18%,Ex,,,,,,2.5%,,line item
507,,8532.30.90,---,Other,kg,,,,,,Free,Free,,Free,Free,Free,Free,18%,5%,6%,,,,,2.5%,,line item
508,,8532.90,-,Parts :,,,,,,,,,,,,,,,,,,,,,,,prefix
509,,8532.90.10,---,Contaminated with or containing Polychlorinated biphenyls (PCB),kg,,,,,,Free,Free,,Free,Free,Free,Free,18%,Ex,,,,,,2.5%,,line item
510,,8532.90.90,---,Other,kg,,,,,,Free,Free,,Free,Free,Free,Free,18%,5%,6%,,,,,2.5%,,line item
511,,,,,,,,,,,,,,,,,,,,,,,,,,,empty
512,HS Hdg,HS Code,,Description,Unit,ICL/ SLSI,Preferential Duty,,,,,,,,,,Gen Duty,VAT,PAL,,Cess,,Excise (S.P.D),Surcharge on Customs Duty,SSCL,L C S,empty
513,,,,,,,AP,AD,BN,GT,IN,PK,SA,SF,SD,SG,,,Gen,SG,GEN,SG,,,,,empty
514,,,,,,,,,,,,,,,,,,,,,,,,,,,empty
515,85.33,,,"Electrical resistors (including rheostats and potentiometers), other than heating resistors.",,,,,,,,,,,,,,,,,,,,,,,just HS heading
516,,,,,,,,,,,,,,,,,,,,,,,,,,,empty
517,,8533.10,-,"Fixed carbon resistors, composition or film types",kg,,,,,,Free,Free,,Free,Free,Free,Free,18%,Ex,,,,,,2.5%,,line item
518,,,-,Other fixed resistors :,,,,,,,,,,,,,,,,,,,,,,,prefix
519,,8533.21,--,For a power handling capacity not exceeding 20 W,kg,,,,,,Free,Free,,Free,Free,Free,Free,18%,Ex,,,,,,2.5%,,line item
520,,8533.29,--,Other,kg,,,,,,Free,Free,,Free,Free,Free,Free,18%,5%,6%,,,,,2.5%,,line item
521,,,-,"Wirewound variable resistors, including rheostats and potentiometers :",,,,,,,,,,,,,,,,,,,,,,,prefix
522,,8533.31,--,For a power handling capacity not exceeding 20 W,kg,,,,,,Free,Free,,Free,Free,Free,Free,18%,Ex,,,,,,2.5%,,line item
523,,8533.39,--,Other,kg,,,,,,Free,Free,,Free,Free,Free,Free,18%,Ex,,,,,,2.5%,,line item
524,,8533.40,-,"Other variable resistors, including rheostats and potentiometers",kg,,,,,,Free,Free,,Free,Free,Free,Free,18%,5%,6%,,,,,2.5%,,line item
525,,8533.90,-,Parts,kg,,,,,,Free,Free,,Free,Free,Free,Free,18%,Ex,,,,,,2.5%,,line item
526,,,,,,,,,,,,,,,,,,,,,,,,,,,empty
527,85.34,8534.00,,Printed circuits.,kg,,,,,,Free,Free,,5%,4.5%,,15%,18%,5%,,0%,,,,2.5%,,line item
528,,,,,,,,,,,,,,,,,,,,,,,,,,,empty
529,85.35,,,"Electrical apparatus for switching or protecting electrical circuits, or for making connections to or in electrical circuits (for example, switches, fuses, lightning arresters, voltage limiters, surge suppressors, plugs and other connectors, junction boxes), for a voltage exceeding 1,000 volts.",,,,,,,,,,,,,,,,,,,,,,,just HS heading
530,,,,,,,,,,,,,,,,,,,,,,,,,,,empty
531,,8535.10,-,Fuses,kg,,,,,,,Free,,,,,15% or Rs.800/= per kg,18%,5%,,,,,,2.5%,,line item
532,,,-,Automatic circuit breakers :,,,,,,,,,,,,,,,,,,,,,,,prefix
533,,8535.21,--,For a voltage of less than 72.5 kV,kg,,,,,,Free,Free,,5% or Rs.450/= per kg,4.5% or Rs.409/= per kg,,15% or Rs.450/= per kg,18%,5%,6%,,,,,2.5%,,line item
534,HS Hdg,HS Code,,Description,Unit,ICL/ SLSI,Preferential Duty,,,,,,,,,,Gen Duty,VAT,PAL,,Cess,,Excise (S.P.D),Surcharge on Customs Duty,SSCL,L C S,empty
535,,,,,,,AP,AD,BN,GT,IN,PK,SA,SF,SD,SG,,,Gen,SG,GEN,SG,,,,,empty
536,,,,,,,,,,,,,,,,,,,,,,,,,,,empty
537,,8535.29,--,Other,kg,,,,,,Free,Free,,5% or Rs.450/= per kg,4.5% or Rs.409/= per kg,,15% or Rs.450/= per kg,18%,5%,6%,,,,,2.5%,,line item
538,,8535.30,-,Isolating switches and make-and-break switches,kg,,,,,,Free,Free,,5% or Rs.500/= per kg,4.5% or Rs.455/= per kg,,15% or Rs.500/= per kg,18%,5%,6%,,,,,2.5%,,line item
539,,8535.40,-,"Lightning arresters, voltage limiters and surge suppressors",kg,,,,,,Free,Free,,5% or Rs.800/= per kg,4.5% or Rs.727/= per kg,,15% or Rs.800/= per kg,18%,5%,6%,,,,,2.5%,,line item
540,,8535.90,-,Other,kg,,,,,,Free,Free,,5% or Rs.350/= per kg,4.5% or Rs.318/= per kg,,15% or Rs.350/= per kg,18%,5%,6%,,,,,2.5%,,line item
541,,,,,,,,,,,,,,,,,,,,,,,,,,,empty
542,85.36,,,"Electrical apparatus for switching or protecting electrical circuits, or for making connections to or in electrical circuits (for example, switches, relays, fuses, surge suppressors, plugs, sockets, lamp-holders and other connectors, junction boxes), for a voltage not exceeding 1,000 volts; connectors for optical fibres, optical fibre bundles or cables.",,,,,,,,,,,,,,,,,,,,,,,just HS heading
543,,,,,,,,,,,,,,,,,,,,,,,,,,,empty
544,,8536.10,-,Fuses,kg,,,,,,Free,Free,,4%,1.5%,Free,Free,18%,10%,6%,,,,,2.5%,,line item
545,HS Hdg,HS Code,,Description,Unit,ICL/ SLSI,Preferential Duty,,,,,,,,,,Gen Duty,VAT,PAL,,Cess,,Excise (S.P.D),Surcharge on Customs Duty,SSCL,L C S,empty
546,,,,,,,AP,AD,BN,GT,IN,PK,SA,SF,SD,SG,,,Gen,SG,GEN,SG,,,,,empty
547,,,,,,,,,,,,,,,,,,,,,,,,,,,empty
548,,8536.20,-,Automatic circuit breakers,kg,,12% or Rs.480/= per kg,,,,Free,Free,,5% or Rs.600/= per kg,4.5% or Rs.539/= per kg,,15% or Rs.600/= per kg,18%,10%,6%,,,,,2.5%,,line item
549,,,,Circuit breakers for over current protection for household and similar installations (MCB),kg,S,,,,,,,,,,,,,,,,,,,2.5%,,hscode error
550,,,,Residual Current Operated Circuit breakers without integarl over current protection for household and similar uses (RCCB),kg,S,,,,,,,,,,,,,,,,,,,2.5%,,hscode error
551,,,,Residual Current Operated Circuit breakers with integarl over current protection for household and similar uses (RCBO),kg,S,,,,,,,,,,,,,,,,,,,2.5%,,hscode error
552,,8536.30,-,Other apparatus for protecting electrical circuits,kg,,13.5%,,,,Free,Free,,5%,4.5%,,15%,18%,10%,,,,,,2.5%,,line item
553,,,-,Relays :,,,,,,,,,,,,,,,,,,,,,,,prefix
554,,8536.41,--,For a voltage not exceeding 60 V,kg,,,,,,Free,Free,,4%,1.5%,Free,Free,18%,10%,6%,,,,,2.5%,,line item
555,,8536.49,--,Other,kg,,,,,,Free,Free,,4%,1.5%,Free,Free,18%,10%,6%,,,,,2.5%,,line item
556,,8536.50,-,Other switches :,,,,,,,,,,,,,,,,,,,,,,,prefix
557,,8536.50.10,---,Starters for fluorescent lamps,kg,S,Free,,,,Free,Free,,4%,1.5%,Free,Free,18%,10%,6%,,,,,2.5%,,line item
558,,8536.50.20,---,"For use in radio apparatus, electrical instruments, electrical machinery, electrical appliances and the like",kg,,Free,,,,Free,Free,,4%,1.5%,Free,Free,18%,10%,6%,,,,,2.5%,,line item
559,,8536.50.30,---,Main switches of 24 Amp and over,kg,,12% or Rs.280/= per kg,,,,Free,Free,,5% or Rs.350/= per kg,4.5% or Rs.318/= per kg,,15% or Rs.350/= per kg,18%,10%,6%,,,,,2.5%,,line item
560,,,,Switches for household and similar fixed electrical installations,,S,,,,,,,,,,,,,,,,,,,,,hscode error
561,,8536.50.90,---,Other,kg,,12% or Rs.561/= per kg,,,,Free,Free,,5% or Rs.700/= per kg,5% or Rs.700/= per kg,,15% or Rs.700/= per kg,18%,10%,6%,,,,,2.5%,,line item
562,,,,Switches for household and similar fixed electrical installations,,S,,,,,,,,,,,,,,,,,,,,,hscode error
563,,,-,"Lamp-holders, plugs and sockets :",,,,,,,,,,,,,,,,,,,,,,,prefix
564,,8536.61,--,Lamp-holders :,,,,,,,,,,,,,,,,,,,,,,,prefix
565,,8536.61.10,---,Holders for fluorescent lamps and starters,kg,,,,,,,,,,,Free,Free,18%,10%,6%,,,,,2.5%,,line item
566,,8536.61.90,---,Other,kg,,,,,,,,,,,,20%,18%,10%,,10%,,,,2.5%,,line item
567,,,,Insulated bayonet lamp holders,kg,S,,,,,,,,,,,,,,,,,,,2.5%,,hscode error
568,,8536.69,--,Other :,,,,,,,,,,,,,,,,,,,,,,,prefix
569,,8536.69.10,---,For a voltage not exceeding 80 V,kg,,,,,,,,,,,Free,Free,18%,10%,6%,,,,,2.5%,,line item
570,,,---,"For a voltage exceeding 80 V, but not exceeding 250 V:",,,,,,,,,,,,,,,,,,,,,,,prefix
571,HS Hdg,HS Code,,Description,Unit,ICL/ SLSI,Preferential Duty,,,,,,,,,,Gen Duty,VAT,PAL,,Cess,,Excise (S.P.D),Surcharge on Customs Duty,SSCL,L C S,empty
572,,,,,,,AP,AD,BN,GT,IN,PK,SA,SF,SD,SG,,,Gen,SG,GEN,SG,,,,,empty
573,,,,,,,,,,,,,,,,,,,,,,,,,,,empty
574,,8536.69.21,----,"13A, plugs and sockets of Type – G as defined by International Electrotechnical Commission (IEC); adaptors , connection units etc. which are compatible with 13A plugs and sockets of Type – G as defined by IEC",kg,S,,,,,,,,,,,20%,18%,10%,,10%,,,,2.5%,,line item
575,,8536.69.22,----,"Other shaver sockets, Universal sockets and travel adaptors",kg,L,,,,,,,,,,,20%,18%,10%,,10%,,,,2.5%,,line item
576,,8536.69.29,----,Other,kg,L,,,,,,,,,,,20%,18%,10%,,10%,,,,2.5%,,line item
577,,8536.69.90,---,Other,kg,,,,,,,,,,,,20%,18%,10%,,10%,,,,2.5%,,line item
578,,8536.70,-,"Connectors for optical fibres, optical fibre bundles or cables",kg,,13.5%,,,,Free,Free,,6%,4.5%,,15%,18%,10%,6%,,,,,2.5%,,line item
579,,8536.90,-,Other apparatus :,,,,,,,,,,,,,,,,,,,,,,,prefix
580,,8536.90.10,---,For a voltage not exceeding 80 V,kg,,Free,,,,Free,Free,,Free,Free,Free,Free,18%,10%,6%,,,,,2.5%,,line item
581,,8536.90.90,---,Other,kg,,18.7%,,,,Free,Free,,6%,4.5%,,20%,18%,10%,6%,,,,,2.5%,,line item
582,,,,,,,,,,,,,,,,,,,,,,,,,,,empty
583,85.37,,,"Boards, panels, consoles, desks, cabinets and other bases, equipped with two or more apparatus of heading 85.35 or 85.36, for electric control or the distribution of electricity, including those incorporating instruments or apparatus of Chapter 90, and numerical control apparatus, other than switching apparatus of heading 85.17.",,,,,,,,,,,,,,,,,,,,,,,just HS heading
584,,,,,,,,,,,,,,,,,,,,,,,,,,,empty
585,,8537.10,-,"For a voltage not exceeding 1,000 V",kg,,,,,,,,,,,,20%,18%,10%,6%,,,,,2.5%,,line item
586,,8537.20,-,"For a voltage exceeding 1,000 V",kg,,,,,,,,,,,,20%,18%,10%,6%,,,,,2.5%,,line item
587,,,,,,,,,,,,,,,,,,,,,,,,,,,empty
588,85.38,,,"Parts suitable for use solely or principally with the apparatus of heading 85.35, 85.36 or 85.37.",,,,,,,,,,,,,,,,,,,,,,,just HS heading
589,,,,,,,,,,,,,,,,,,,,,,,,,,,empty
590,,8538.10,-,"Boards, panels, consoles, desks, cabinets and other bases for the goods of heading 85.37, not equipped with their apparatus",kg,,18.0%,,,,Free,Free,,5%,5%,,20%,18%,10%,6%,10%,Free,,,2.5%,,line item
591,,8538.90,-,Other,kg,,,,,,,,,,Free,Free,Free,18%,10%,6%,,,,,2.5%,,line item
592,,,,,,,,,,,,,,,,,,,,,,,,,,,empty
593,85.39,,,"Electric filament or discharge lamps, including sealed beam lamp units and ultra-violet or infra-red lamps; arc- lamps; light-emitting diode (LED) light sources.",,,,,,,,,,,,,,,,,,,,,,,just HS heading
594,,,,,,,,,,,,,,,,,,,,,,,,,,,empty
595,,8539.10,-,Sealed beam lamp units,u,,,,,,Free,Free,,5%,4.5%,10.0%,15%,18%,5%,6%,,,,,2.5%,,line item
596,,,-,"Other filament lamps, excluding ultra-violet or infra-red lamps :",,,,,,,,,,,,,,,,,,,,,,,prefix
597,,8539.21,--,Tungsten halogen:,,,,,,,,,,,,,,,,,,,,,,,prefix
598,,8539.21.10,---,Sealed glass envelops consist of filament imported for the manufacture of lamps,u,,,,,,Free,Free,,5%,4.5%,10.0%,20%,18%,5%,6%,,,,,2.5%,,line item
599,,8539.21.90,---,Other,u,,,,,,Free,Free,,5%,4.5%,10.0%,20%,18%,5%,6%,,,,,2.5%,,line item
600,,8539.22,--,"Other, of a power not exceeding 200 W and for a voltage exceeding 100 V:",,,,,,,,,,,,,,,,,,,,,,,prefix
601,,8539.22.10,---,Sealed glass envelops consist of filament imported for the manufacture of lamps,u,S,,,,,,,,,,,20%,18%,5%,6%,10% or Rs.40/= per unit,Free,,,2.5%,,line item
602,,8539.22.20,---,"Other, of a power not exceeding 25 W",u,S,,,,,,,,,,,20%,18%,5%,6%,10% or Rs.40/= per unit,Free,,,2.5%,,line item
603,,8539.22.90,---,Other,u,S,,,,,,,,,,,20%,18%,5%,6%,10% or Rs.40/= per unit,Free,,,2.5%,,line item
604,,8539.29,--,Other:,,,,,,,,,,,,,,,,,,,,,,,prefix
605,,8539.29.10,---,Sealed glass envelops consist of filament imported for the manufacture of lamps,u,,,,,,Free,Free,,5%,4.5%,10.0%,20%,18%,5%,6%,,,,,2.5%,,line item
606,,8539.29.90,---,Other,u,,,,,,Free,Free,,5%,4.5%,10.0%,20%,18%,5%,6%,,,,,2.5%,,line item
607,HS Hdg,HS Code,,Description,Unit,ICL/ SLSI,Preferential Duty,,,,,,,,,,Gen Duty,VAT,PAL,,Cess,,Excise (S.P.D),Surcharge on Customs Duty,SSCL,L C S,empty
608,,,,,,,AP,AD,BN,GT,IN,PK,SA,SF,SD,SG,,,Gen,SG,GEN,SG,,,,,empty
609,,,,,,,,,,,,,,,,,,,,,,,,,,,empty
610,,,-,"Discharge lamps, other than ultra-violet lamps :",,,,,,,,,,,,,,,,,,,,,,,prefix
611,,8539.31,--,"Fluorescent, hot cathode :",,,,,,,,,,,,,,,,,,,,,,,prefix
612,,8539.31.10,---,Energy efficient AC compact fluorescent lamps,u,S,,,,,Free,Free,,Free,Free,Free,20%,18%,5%,6%,,,,,2.5%,,line item
613,,8539.31.20,---,"12v, DC fluorescent lamps (straight tubes as well as compact types)",u,,,,,,Free,Free,,Free,Free,Free,Free,18%,Ex,,,,,,2.5%,,line item
614,,8539.31.90,---,Other,u,,,,,,Free,Free,,5%,4.5%,10.0%,15%,18%,5%,6%,,,,,2.5%,,line item
615,,8539.32,--,Mercury or sodium vapour lamps; metal halide lamps,u,,,,,,Free,Free,,4%,1.5%,Free,Free,18%,5%,6%,,,,,2.5%,,line item
616,,8539.39,--,Other,u,,,,,,Free,Free,,5%,4.5%,10.0%,15%,18%,5%,6%,,,,,2.5%,,line item
617,,,-,Ultra-violet or infra-red lamps; arc-lamps :,,,,,,,,,,,,,,,,,,,,,,,prefix
618,,8539.41,--,Arc-lamps,u,,,,,,Free,Free,,5%,4.5%,10.0%,15%,18%,5%,6%,,,,,2.5%,,line item
619,,8539.49,--,Other,u,,,,,,Free,Free,,5%,4.5%,10.0%,15%,18%,5%,6%,,,,,2.5%,,line item
620,,,-,Light-emitting diode (LED) light sources :,,,,,,,,,,,,,,,,,,,,,,,prefix
621,,8539.51,--,Light-emitting diode (LED) modules,kg,,18.0%,,,,Free,Free,,Free,Free,Free,20%,18%,5%,6%,10%,Free,,,2.5%,,line item
622,,8539.52,--,Light-emitting diode (LED) lamps,kg,,18.0%,,,,Free,Free,,Free,Free,Free,20%,18%,5%,6%,,,,,2.5%,,line item
623,,8539.90,-,Parts,kg,,Free,,,,Free,Free,,Free,Free,Free,Free,18%,5%,6%,,,,,2.5%,,line item
624,,,,,,,,,,,,,,,,,,,,,,,,,,,empty
625,HS Hdg,HS Code,,Description,Unit,ICL/ SLSI,Preferential Duty,,,,,,,,,,Gen Duty,VAT,PAL,,Cess,,Excise (S.P.D),Surcharge on Customs Duty,SSCL,L C S,empty
626,,,,,,,AP,AD,BN,GT,IN,PK,SA,SF,SD,SG,,,Gen,SG,GEN,SG,,,,,empty
627,,,,,,,,,,,,,,,,,,,,,,,,,,,empty
628,85.40,,,"Thermionic, cold cathode or photo- cathode valves and tubes (for example, vacuum or vapour or gas filled valves and tubes, mercury arc rectifying valves and tubes, cathode-ray tubes, television camera tubes).",,,,,,,,,,,,,,,,,,,,,,,just HS heading
629,,,,,,,,,,,,,,,,,,,,,,,,,,,empty
630,,,-,"Cathode-ray television picture tubes, including video monitor cathode-ray tubes :",,,,,,,,,,,,,,,,,,,,,,,prefix
631,,8540.11,--,Colour :,,,,,,,,,,,,,,,,,,,,,,,prefix
632,,8540.11.10,---,Used / reconditioned,u,,,,,,Free,Free,,4%,1.5%,Free,Free,18%,5%,6%,,,,,2.5%,,line item
633,,8540.11.90,---,Other,u,,,,,,Free,Free,,4%,1.5%,Free,Free,18%,5%,6%,,,,,2.5%,,line item
634,,8540.12,--,Monochrome :,,,,,,,,,,,,,,,,,,,,,,,prefix
635,,8540.12.10,---,Used / reconditioned,u,,,,,,Free,Free,,4%,1.5%,Free,Free,18%,5%,6%,,,,,2.5%,,line item
636,,8540.12.90,---,Other,u,,,,,,Free,Free,,4%,1.5%,Free,Free,18%,5%,6%,,,,,2.5%,,line item
637,,8540.20,-,Television camera tubes; image converters and intensifiers; other photo-cathode tubes,u,,,,,,Free,Free,,4%,1.5%,Free,Free,18%,Ex,,,,,,2.5%,,line item
638,,8540.40,-,"Data/graphic display tubes, monochrome; data/graphic display tubes, colour, with a phosphor dot screen pitch smaller than 0.4 mm",,,,,,,Free,Free,,4%,1.5%,Free,Free,18%,Ex,,,,,,,,line item
639,,8540.60,-,Other cathode-ray tubes,u,,,,,,Free,Free,,4%,1.5%,Free,Free,18%,Ex,,,,,,2.5%,,line item
640,,,-,"Microwave tubes (for example, magnetrons, klystrons, travelling wave tubes, carcinotrons), excluding grid-controlled tubes :",,,,,,,,,,,,,,,,,,,,,,,prefix
641,,8540.71,--,Magnetrons,u,,,,,,Free,Free,,4%,1.5%,Free,Free,18%,5%,6%,,,,,2.5%,,line item
642,,8540.79,--,Other,u,,,,,,Free,Free,,4%,1.5%,Free,Free,18%,Ex,,,,,,2.5%,,line item
643,,,-,Other valves and tubes :,,,,,,,,,,,,,,,,,,,,,,,prefix
644,,8540.81,--,Receiver or amplifier valves and tubes,u,,,,,,Free,Free,,4%,1.5%,Free,Free,18%,5%,6%,,,,,2.5%,,line item
645,,8540.89,--,Other,u,,,,,,Free,Free,,4%,1.5%,Free,Free,18%,5%,6%,,,,,2.5%,,line item
646,,,-,Parts :,,,,,,,,,,,,,,,,,,,,,,,prefix
647,,8540.91,--,Of cathode-ray tubes,kg,,,,,,Free,Free,,4%,1.5%,Free,Free,18%,Ex,,,,,,2.5%,,line item
648,,8540.99,--,Other,kg,,,,,,Free,Free,,4%,1.5%,Free,Free,18%,Ex,,,,,,2.5%,,line item
649,,,,,,,,,,,,,,,,,,,,,,,,,,,empty
650,85.41,,,"Semiconductor devices (for example, diodes, transistors, semiconductor based transducers); photosensitive semiconductor devices, including photovoltaic cells whether or not assembled in modules or made up into panels; light-emitting diodes (LED), whether or not assembled with other light-emitting diodes (LED); mounted piezo-electric crystals.",,,,,,,,,,,,,,,,,,,,,,,just HS heading
651,,,,,,,,,,,,,,,,,,,,,,,,,,,empty
652,,8541.10,-,"Diodes, other than photosensitive or light- emitting diodes",u,,,,,,Free,Free,,Free,Free,Free,Free,18%,Ex,,,,,,Ex,,line item
653,,,-,"Transistors, other than photosensitive transistors :",,,,,,,,,,,,,,,,,,,,,,,prefix
654,,8541.21,--,With a dissipation rate of less than 1 W,u,,,,,,Free,Free,,Free,Free,Free,Free,18%,Ex,,,,,,2.5%,,line item
655,,8541.29,--,Other,u,,,,,,Free,Free,,Free,Free,Free,Free,18%,5%,6%,,,,,2.5%,,line item
656,,8541.30,-,"Thyristors, diacs and triacs, oter than photosensitive devices",u,,,,,,Free,Free,,Free,Free,Free,Free,18%,5%,6%,,,,,2.5%,,line item
657,,8541.40.00,-,"Photosensitive semiconductor devices, including photovoltaic cells whether or not assembled in modules or made up into panels; light-emitting diodes (LED) :",,,,,,,,,,,,,,,,,,,,,,,prefix
658,,8541.41,--,Light-emitting diodes (LED),u,,,,,,Free,Free,,Free,Free,Free,Free,18%,Ex,,,,,,2.5%,,line item
659,,8541.42,--,Photvoltaic cells not assembled in modules or made up into panels,u,,,,,,Free,Free,,Free,Free,Free,Free,18%,Ex,,,,,,Ex,,line item
660,,8541.43,--,Photvoltaic cells assembled in modules or made up into panels,u,,,,,,Free,Free,,Free,Free,Free,Free,18%,Ex,,,,,,Ex,,line item
661,,8541.49,--,Other,u,,,,,,Free,Free,,Free,Free,Free,Free,18%,Ex,,,,,,2.5%,,line item
662,HS Hdg,HS Code,,Description,Unit,ICL/ SLSI,Preferential Duty,,,,,,,,,,Gen Duty,VAT,PAL,,Cess,,Excise (S.P.D),Surcharge on Customs Duty,SSCL,L C S,empty
663,,,,,,,AP,AD,BN,GT,IN,PK,SA,SF,SD,SG,,,Gen,SG,GEN,SG,,,,,empty
664,,,,,,,,,,,,,,,,,,,,,,,,,,,empty
665,,,-,Other semiconductor devices :,,,,,,,,,,,,,,,,,,,,,,,prefix
666,,8541.51,--,Semiconductor-based transducers,u,,,,,,Free,Free,,Free,Free,Free,Free,18%,Ex,,,,,,2.5%,,line item
667,,8541.59,--,Other,u,,,,,,Free,Free,,Free,Free,Free,Free,18%,Ex,,,,,,2.5%,,line item
668,,8541.60,-,Mounted piezo-electric crystals,u,,,,,,Free,Free,,Free,Free,Free,Free,18%,Ex,,,,,,2.5%,,line item
669,,8541.90,-,Parts,kg,,Free,,,,Free,Free,,Free,Free,Free,Free,18%,Ex,,,,,,2.5%,,line item
670,,,,,,,,,,,,,,,,,,,,,,,,,,,empty
671,HS Hdg,HS Code,,Description,Unit,ICL/ SLSI,Preferential Duty,,,,,,,,,,Gen Duty,VAT,PAL,,Cess,,Excise (S.P.D),Surcharge on Customs Duty,SSCL,L C S,empty
672,,,,,,,AP,AD,BN,GT,IN,PK,SA,SF,SD,SG,,,Gen,SG,GEN,SG,,,,,empty
673,,,,,,,,,,,,,,,,,,,,,,,,,,,empty
674,85.42,,,Electronic integrated circuits.,,,,,,,,,,,,,,,,,,,,,,,just HS heading
675,,,,,,,,,,,,,,,,,,,,,,,,,,,empty
676,,,-,Electronic integrated circuits :,,,,,,,,,,,,,,,,,,,,,,,prefix
677,,8542.31,--,"Processors and controllers, whether or not combined with memories, converters, logic circuits, amplifiers, clock and timing circuits, or other circuits",u,,,,,,Free,Free,,Free,Free,Free,Free,18%,5%,6%,,,,,2.5%,,line item
678,,8542.32,--,Memories,u,,,,,,Free,Free,,Free,Free,Free,Free,18%,5%,6%,,,,,2.5%,,line item
679,,8542.33,--,Amplifiers,u,,,,,,Free,Free,,Free,Free,Free,Free,18%,5%,6%,,,,,2.5%,,line item
680,,8542.39,--,Other,u,,,,,,Free,Free,,Free,Free,Free,Free,18%,5%,6%,,,,,2.5%,,line item
681,,8542.90,-,Parts,kg,,,,,,Free,Free,,Free,Free,Free,Free,18%,5%,6%,,,,,2.5%,,line item
682,,,,,,,,,,,,,,,,,,,,,,,,,,,empty
683,85.43,,,"Electrical machines and apparatus, having individual functions, not specified or included elsewhere in this Chapter.",,,,,,,,,,,,,,,,,,,,,,,just HS heading
684,,,,,,,,,,,,,,,,,,,,,,,,,,,empty
685,,8543.10,-,Particle accelerators,u,,,,,,Free,Free,,Free,Free,Free,Free,18%,Ex,,,,,,2.5%,,line item
686,,8543.20,-,Signal generators,u,,Free,,,,Free,Free,,Free,Free,Free,Free,18%,5%,6%,,,,,2.5%,,line item
687,,8543.30,-,"Machines and apparatus for electroplating, electrolysis or electrophoresis",u,,,,,,Free,Free,,Free,Free,Free,Free,18%,Ex,,,,,,2.5%,,line item
688,,8543.40,-,Electronic cigarettes and similar personal electric vaporising devices,u,,,,,,Free,Free,,Free,Free,Free,Free,18%,Ex,,,,,,2.5%,,line item
689,,8543.70,-,Other machines and apparatus :,u,,,,,,,,,,,,,,,,,,,,2.5%,,line item
690,,8543.70.10,---,Television boosters,u,,13.5%,,,,Free,Free,,5%,4.5%,10.0%,15%,18%,Ex,,,,,,2.5%,,line item
691,,8543.70.20,---,Equipment for destroying or repelling pests,u,,,,,,Free,Free,,Free,Free,Free,Free,18%,5%,6%,,,,,2.5%,,line item
692,,8543.70.90,---,Other,u,,,,,,Free,Free,,Free,Free,Free,Free,18%,Ex,,,,,,2.5%,,line item
693,,8543.90,-,Parts,kg,,,,,,Free,Free,,Free,Free,Free,Free,18%,5%,6%,,,,,2.5%,,line item
694,,,,,,,,,,,,,,,,,,,,,,,,,,,empty
695,HS Hdg,HS Code,,Description,Unit,ICL/ SLSI,Preferential Duty,,,,,,,,,,Gen Duty,VAT,PAL,,Cess,,Excise (S.P.D),Surcharge on Customs Duty,SSCL,L C S,empty
696,,,,,,,AP,AD,BN,GT,IN,PK,SA,SF,SD,SG,,,Gen,SG,GEN,SG,,,,,empty
697,,,,,,,,,,,,,,,,,,,,,,,,,,,empty
698,85.44,,,"Insulated (including enamelled or anodised) wire, cable (including co-axial cable) and other insulated electric conductors, whether or not fitted with connectors; optical fibre cables, made up of individually sheathed fibres, whether or not assembled with electric conductors or fitted with connectors.",,,,,,,,,,,,,,,,,,,,,,,just HS heading
699,,,,,,,,,,,,,,,,,,,,,,,,,,,empty
700,,,-,Winding wire :,,,,,,,,,,,,,,,,,,,,,,,prefix
701,,8544.11,--,Of copper :,,,,,,,,,,,,,,,,,,,,,,,prefix
702,,8544.11.10,---,Lacquered enameled or anodized wire exceeding 0.120 mm (SWG 15.5 or AWG 14) and not exceeding 1.60 mm (SWG 41 or AWG 38) cross section,kg,,,,,,,,,,,,20%,18%,10%,,10%,,,,2.5%,,line item
703,,8544.11.90,---,Other,kg,,,,,,,,,,,Free,Free,18%,10%,6%,,,,,2.5%,,line item
704,,8544.19,--,Other,kg,,,,,,Free,Free,,4%,1.5%,Free,Free,18%,10%,6%,,,,,2.5%,,line item
705,,8544.20,-,Co-axial cable and other co-axial electric conductors :,,,,,,,,,,,,,,,,,,,,,,,prefix
706,,8544.20.10,---,Co-axial cables,kg,,,,,,,,,,,,20%,18%,Ex,,10%,,,,2.5%,,line item
707,,8544.20.90,---,Other,kg,,,,,,,,,,,,20%,18%,10%,,10%,,,,2.5%,,line item
708,,8544.30,-,"Ignition wiring sets and other wiring sets of a kind used in vehicles, aircraft or ships",kg,S,,,,,Free,Free,,5%,4.5%,10.0%,15%,18%,10%,6%,,,,,2.5%,,line item
709,,,-,"Other electric conductors, for a voltage not exceeding 1,000 V :",,,,,,,,,,,,,,,,,,,,,,,prefix
710,,8544.42,--,Fitted with connectors :,,,,,,,,,,,,,,,,,,,,,,,prefix
711,,8544.42.10,---,For a voltage not exceeding 80 V,kg,,,,,,Free,Free,,5%,4.5%,10.0%,20%,18%,10%,6%,,,,,2.5%,,line item
712,,,---,Other :,,,,,,,,,,,,,,,,,,,,,,,prefix
713,,8544.42.91,----,"Fitted with 13 A, plugs and sockets of Type – G as defined by International Electrotechnical Commission",kg,S,,,,,,,,,,,20%,18%,10%,6%,10%,Free,,,2.5%,,line item
714,,8544.42.99,----,Other,kg,L,,,,,,,,,,,20%,18%,10%,6%,10%,Free,,,2.5%,,line item
715,,8544.49,--,Other :,,,,,,,,,,,,,,,,,,,,,,,prefix
716,,8544.49.10,---,For a voltage not exceeding 80 V,kg,S,,,,,,,,,,,20%,18%,10%,6%,10%,Free,,,2.5%,,line item
717,,8544.49.20,---,Other up to four cored unarmoured wire and cable not exceeding 16 mm2 conductor cross- section per core,kg,S,,,,,,,,,,,20%,18%,10%,6%,10%,Free,,,2.5%,,line item
718,,8544.49.30,---,Other single and multi-cored wire and cable not exceeding 185 mm2 conductor cross- section per core,kg,S,,,,,,,,,,,20%,18%,10%,6%,10%,Free,,,2.5%,,line item
719,,8544.49.40,---,Other armoured and underground cables not exceeding 150 mm2 conductor cross-section per core,kg,,,,,,,,,,,,20%,18%,10%,6%,10%,Free,,,2.5%,,line item
720,,,,PVC insulated electric cable 600/1000V,,S,,,,,,,,,,,,,,,,,,,,,hscode error
721,,8544.49.90,---,Other,kg,S,,,,,,,,,,10.0%,15%,18%,10%,6%,0%,,,,2.5%,,line item
722,,8544.60,-,"Other electric conductors, for a voltage exceeding 1000 V",kg,,,,,,Free,Free,,4%,1.5%,Free,Free,18%,10%,6%,,,,,2.5%,,line item
723,,,,PVC insulated electric cable 600/1000V,,S,,,,,,,,,,,,,,,,,,,,,hscode error
724,,8544.70,-,Optical fibre cables,kg,,,,,,Free,Free,,Free,Free,Free,Free,18%,10%,6%,,,,,2.5%,,line item
725,,,,,,,,,,,,,,,,,,,,,,,,,,,empty
726,85.45,,,"Carbon electrodes, carbon brushes, lamp carbons, battery carbons and other articles of graphite or other carbon, with or without metal, of a kind used for electrical purposes.",,,,,,,,,,,,,,,,,,,,,,,just HS heading
727,,,,,,,,,,,,,,,,,,,,,,,,,,,empty
728,,,-,Electrodes :,,,,,,,,,,,,,,,,,,,,,,,prefix
729,,8545.11,--,Of a kind used for furnaces,kg,,,,,,Free,Free,,Free,Free,Free,Free,18%,Ex,,,,,,2.5%,,line item
730,,8545.19,--,Other :,,,,,,,,,,,,,,,,,,,,,,,prefix
731,,8545.19.10,---,Arc lamp carbon,kg,,,,,,Free,Free,,Free,Free,Free,Free,18%,Ex,,,,,,2.5%,,line item
732,,8545.19.90,---,Other,kg,,,,,,Free,Free,,Free,Free,Free,Free,18%,Ex,,,,,,2.5%,,line item
733,,8545.20,-,Brushes,kg,,,,,,Free,Free,,Free,Free,Free,Free,18%,5%,6%,,,,,2.5%,,line item
734,,8545.90,-,Other,kg,,,,,,Free,Free,,Free,Free,Free,Free,18%,5%,6%,,,,,2.5%,,line item
735,,,,,,,,,,,,,,,,,,,,,,,,,,,empty
736,85.46,,,Electrical Insulators of any material.,,,,,,,,,,,,,,,,,,,,,,,just HS heading
737,,,,,,,,,,,,,,,,,,,,,,,,,,,empty
738,HS Hdg,HS Code,,Description,Unit,ICL/ SLSI,Preferential Duty,,,,,,,,,,Gen Duty,VAT,PAL,,Cess,,Excise (S.P.D),Surcharge on Customs Duty,SSCL,L C S,empty
739,,,,,,,AP,AD,BN,GT,IN,PK,SA,SF,SD,SG,,,Gen,SG,GEN,SG,,,,,empty
740,,,,,,,,,,,,,,,,,,,,,,,,,,,empty
741,,8546.10,-,Of glass,kg,,,,,,Free,Free,,5%,4.5%,10.0%,20%,18%,5%,6%,,,,,2.5%,,line item
742,,8546.20,-,Of ceramics,kg,,,15.00%,15.00%,,,Free,,5%,4.5%,10.0%,20%,18%,5%,6%,,,,,2.5%,,line item
743,,8546.90,-,Other,kg,,,,,,,Free,,,4.5%,10.0%,20%,18%,5%,6%,,,,,2.5%,,line item
744,,,,,,,,,,,,,,,,,,,,,,,,,,,empty
745,85.47,,,"Insulating fittings for electrical machines, appliances or equipment, being fittings wholly of insulating material apart from any minor components of metal (for example, threaded sockets) incorporated during moulding solely for purposes of assembly, other than insulators of heading 85.46; electrical conduit tubing and joints therefor, of base metal lined with insulating material.",,,,,,,,,,,,,,,,,,,,,,,just HS heading
746,,,,,,,,,,,,,,,,,,,,,,,,,,,empty
747,,8547.10,-,Insulating fittings of ceramics,kg,,,,,,,Free,,,4.5%,10.0%,20%,18%,5%,6%,,,,,2.5%,,line item
748,,8547.20,-,Insulating fittings of plastics,kg,,18.0%,,,,Free,Free,,5%,5%,20.0%,20%,18%,5%,6%,,,,,2.5%,,line item
749,,8547.90,-,Other,kg,,,,,,,,,,,10.0%,20%,18%,5%,6%,,,,,2.5%,,line item
750,,,,,,,,,,,,,,,,,,,,,,,,,,,empty
751,,,,,,,,,,,,,,,,,,,,,,,,,,,empty
752,85.48,8548.00,,"Electrical parts of machinery or apparatus, not specified or included elsewhere in this Chapter.",kg,,,,,,Free,Free,,5%,4.5%,10.0%,20%,18%,5.0%,6.0%,,,,,2.5%,,line item
753,,,,,,,,,,,,,,,,,,,,,,,,,,,empty
754,85.49,,,Electrical and electronic waste and scrap,,,,,,,,,,,,,,,,,,,,,,,just HS heading
755,,,,,,,,,,,,,,,,,,,,,,,,,,,empty
756,,,-,"Waste and scrap of primary cells, primary batteries and electric accumulators; spent primary cells, spent primary batteries and spent electric accumulators :",,,,,,,,,,,,,,,,,,,,,,,prefix
757,,8549.11,--,Waste and scrap of lead-acid accumulators; spent lead-acid accumulators:,,,,,,,,,,,,,,,,,,,,,,,prefix
758,,8549.11.10,---,Spent,kg,L,,,,,,,,5%,4.5%,20.0%,20%,18%,Ex,,10%,Free,,,2.5%,,line item
759,,8549.11.90,---,Other,kg,L,,,,,,,,5%,4.5%,10.0%,20%,18%,Ex,,,,,,2.5%,,line item
760,,8549.12,--,"Other, containing lead, cadmium or mercury:",,,,,,,,,,,,,,,,,,,,,,,prefix
761,,8549.12.10,---,Spent,kg,L,,,,,,,,5%,4.5%,20.0%,20%,18%,Ex,,10%,Free,,,2.5%,,line item
762,,8549.12.90,---,Other,kg,L,,,,,,,,5%,4.5%,10.0%,20%,18%,Ex,,,,,,2.5%,,line item
763,,8549.13,--,"Sorted by chemical type and not containing lead, cadmium or mercury:",,,,,,,,,,,,,,,,,,,,,,,prefix
764,,8549.13.10,---,Spent,kg,L,,,,,,,,5%,4.5%,20.0%,20%,18%,Ex,,10%,Free,,,2.5%,,line item
765,,8549.13.90,---,Other,kg,L,,,,,,,,5%,4.5%,10.0%,20%,18%,Ex,,,,,,2.5%,,line item
766,,8549.14,--,"Unsorted and not containing lead, cadmium or mercury:",,,,,,,,,,,,,,,,,,,,,,,prefix
767,,8549.14.10,---,Spent,kg,L,,,,,,,,5%,4.5%,20.0%,20%,18%,Ex,,10%,Free,,,2.5%,,line item
768,,8549.14.90,---,Other,kg,L,,,,,,,,5%,4.5%,10.0%,20%,18%,Ex,,,,,,2.5%,,line item
769,,8549.19,--,Other:,,,,,,,,,,,,,,,,,,,,,,,prefix
770,,8549.19.10,---,Spent,kg,L,,,,,,,,5%,4.5%,20.0%,20%,18%,Ex,,10%,Free,,,2.5%,,line item
771,,8549.19.90,---,Other,kg,L,,,,,,,,5%,4.5%,10.0%,20%,18%,Ex,,,,,,2.5%,,line item
772,,,-,Of a kind used principally for the recovery of precious metal :,,,,,,,,,,,,,,,,,,,,,,,prefix
773,,8549.21,--,"Containing primary cells, primary batteries, electric accumulators, mercury-switches, glass from cathode ray tubes or other activated glass, or electrical or electronic components containing cadmium, mercury, lead or polychlorinated biphenyls (PCBs)",kg,,,,,,,,,,,20.0%,20%,18%,Ex,,,,,,2.5%,,line item
774,,8549.29,--,Other,kg,,,,,,,,,,,10.0%,20%,18%,Ex,,,,,,2.5%,,line item
775,,,-,Other electrical and electronic assemblies and printed circuit boards :,,,,,,,,,,,,,,,,,,,,,,,prefix
776,HS Hdg,HS Code,,Description,Unit,ICL/ SLSI,Preferential Duty,,,,,,,,,,Gen Duty,VAT,PAL,,Cess,,Excise (S.P.D),Surcharge on Customs Duty,SSCL,L C S,empty
777,,,,,,,AP,AD,BN,GT,IN,PK,SA,SF,SD,SG,,,Gen,SG,GEN,SG,,,,,empty
778,,,,,,,,,,,,,,,,,,,,,,,,,,,empty
779,,8549.31,--,"Containing primary cells, primary batteries, electric accumulators, mercury-switches, glass from cathode ray tubes or other activated glass, or electrical or electronic components containing cadmium, mercury, lead or polychlorinated biphenyls (PCBs)",kg,,,,,,,,,,,20.0%,20%,18%,Ex,,,,,,2.5%,,line item
780,,8549.39,--,Other,kg,,,,,,,,,,,10.0%,20%,18%,Ex,,,,,,2.5%,,line item
781,,,-,Other :,,,,,,,,,,,,,,,,,,,,,,,prefix
782,,8549.91,--,"Containing primary cells, primary batteries, electric accumulators, mercury-switches, glass from cathode ray tubes or other activated glass, or electrical or electronic components containing cadmium, mercury, lead or polychlorinated biphenyls (PCBs)",kg,,,,,,,,,,,20.0%,20%,18%,Ex,,,,,,2.5%,,line item
783,,8549.99,--,Other,kg,,,,,,,,,,,10.0%,20%,18%,Ex,,,,,,2.5%,,line item
